Order ID,Order Date,Customer ID,Customer Name,City,State,Region,Product Name,Category,Sales,Quantity,Profit,Payment Method,Order Status
IND-2023-1001,2023-03-08,CUS-1023,Gaurav Bansal,Bengaluru,Karnataka,South,Mi 10000mAh Power Bank 3i,Mobiles & Accessories,3836.8,4,0.0,UPI,Cancelled
IND-2023-1002,2023-06-03,CUS-1007,Vikram Malhotra,Patna,Bihar,East,SanDisk 128GB Ultra Dual Drive,Electronics,1358.4,2,165.3,UPI,Delivered
IND-2023-1003,2023-02-13,CUS-1018,Divya Pillai,Chennai,Tamil Nadu,South,Mamaearth Onion Hair Fall Control Oil 250ml,Beauty & Personal Care,424.15,1,103.86,Cash on Delivery,Processing
IND-2023-1004,2023-04-20,CUS-1021,Arjun Reddy,Chennai,Tamil Nadu,South,boAt Airdopes 141 Bluetooth Earbuds,Mobiles & Accessories,5196.0,4,1280.0,Cash on Delivery,Delivered
IND-2023-1005,2023-11-29,CUS-1008,Pooja Nair,Delhi,Delhi,North,JBL Flip 6 Portable Bluetooth Speaker,Electronics,35996.0,4,4800.0,Net Banking,Delivered
IND-2023-1006,2023-10-16,CUS-1004,Ananya Iyer,Chandigarh,Punjab,North,Milton Thermosteel Bottle 1000ml,Home & Kitchen,1795.5,2,349.12,Cash on Delivery,Delivered
IND-2023-1007,2023-01-06,CUS-1012,Kavita Rao,Chennai,Tamil Nadu,South,SanDisk 128GB Ultra Dual Drive,Electronics,1443.3,2,228.98,Credit Card,Delivered
IND-2023-1008,2023-10-27,CUS-1016,Ritu Mehta,Mumbai,Maharashtra,West,Biotique Botanical Glow Skincare Combo,Beauty & Personal Care,1560.0,2,480.0,Cash on Delivery,Delivered
IND-2023-1009,2023-11-11,CUS-1006,Sneha Mukherjee,Delhi,Delhi,North,Sony Bravia 43-inch 4K LED TV,Electronics,111121.5,3,-16668.22,UPI,Returned
IND-2023-1010,2023-11-27,CUS-1011,Aditya Joshi,Delhi,Delhi,North,Canon EOS 1500D DSLR Camera,Electronics,134368.0,4,-7194.0,Credit Card,Delivered
IND-2023-1011,15/01/2023,CUS-1024,Meera Nambiar,Mumbai,Maharashtra,West,Biotique Botanical Glow Skincare Combo,Beauty & Personal Care,741.0,1,210.75,UPI,Delivered
IND-2023-1012,2023-04-05,CUS-1006,Sneha Mukherjee,Ahmedabad,Gujarat,West,SanDisk 128GB Ultra Dual Drive,Electronics,1443.3,2,228.98,Credit Card,Delivered
IND-2023-1013,2023-01-16,CUS-1011,Aditya Joshi,Bhubaneswar,Odisha,East,Noise ColorFit Pulse Smartwatch,Mobiles & Accessories,4317.6,3,330.45,Debit Card,Delivered
IND-2023-1014,2023-02-06,CUS-1018,Divya Pillai,Mumbai,Maharashtra,West,Levi's Men Slim Fit Denim Jeans,Fashion,3998.4,2,550.3,UPI,Delivered
IND-2023-1015,2023-09-14,CUS-1004,Ananya Iyer,Hyderabad,Telangana,South,Noise ColorFit Pulse Smartwatch,Mobiles & Accessories,4857.3,3,-728.6,Credit Card,Returned
IND-2023-1016,2023-11-25,CUS-1011,Aditya Joshi,Pune,Maharashtra,West,Spigen Armor Back Cover,Mobiles & Accessories,1358.3,2,0.0,Credit Card,Cancelled
IND-2023-1017,2023-08-31,CUS-1005,Rohan Gupta,Kochi,Kerala,South,Wakefit Ergonomic Orthopedic Mattress,Home & Kitchen,10624.15,1,-2856.14,Net Banking,Delivered
IND-2023-1018,2023-12-07,CUS-1016,Ritu Mehta,Hyderabad,Telangana,South,JBL Flip 6 Portable Bluetooth Speaker,Electronics,8099.1,1,525.07,Credit Card,Delivered
IND-2023-1019,2023-10-07,CUS-1004,Ananya Iyer,Bhubaneswar,Odisha,East,Milton Thermosteel Bottle 1000ml,Home & Kitchen,3213.0,4,414.75,UPI,Delivered
IND-2023-1020,2023-11-19,CUS-1024,Meera Nambiar,Hyderabad,Telangana,South,HP Pavilion 15 Core i5 Laptop,Electronics,109980.0,2,0.0,Cash on Delivery,Cancelled
IND-2023-1021,2023-10-14,CUS-1006,Sneha Mukherjee,Ahmedabad,Gujarat,West,Solimo Water Repellent Polyester Curtains (Set of 2),Home & Kitchen,1798.0,2,-240.0,UPI,Delivered
IND-2023-1022,2023-01-26,CUS-1019,Manish Agarwal,Pune,Maharashtra,West,Peter England Formal Trousers,Fashion,4796.0,4,1160.0,UPI,Delivered
IND-2023-1023,2023-12-22,CUS-1024,Meera Nambiar,Bengaluru,Karnataka,South,Puma Unisex Smashic Sneakers,Fashion,9196.0,4,0.0,Cash on Delivery,Cancelled
IND-2023-1024,2023-04-24,CUS-1013,Amit Mishra,Bengaluru,Karnataka,South,Peter England Formal Trousers,Fashion,4556.2,4,980.15,Credit Card,Delivered
IND-2023-1025,2023-04-02,CUS-1020,Shweta Tiwari,Lucknow,Uttar Pradesh,North,OnePlus 11R 5G (128GB),Mobiles & Accessories,75998.1,2,-11399.72,Cash on Delivery,Returned
IND-2023-1026,2023-01-04,CUS-1019,Manish Agarwal,Kochi,Kerala,South,Logitech Wireless Keyboard & Mouse,Electronics,5382.0,4,951.5,Net Banking,Delivered
IND-2023-1027,2023-09-18,CUS-1013,Amit Mishra,Chennai,Tamil Nadu,South,Logitech Wireless Keyboard & Mouse,Electronics,4260.75,3,881.81,Net Banking,Shipped
IND-2023-1028,2023-03-08,CUS-1010,Neha Singh,Mumbai,Maharashtra,West,Levi's Men Slim Fit Denim Jeans,Fashion,2374.05,1,556.29,UPI,Shipped
IND-2023-1029,2023-10-19,CUS-1024,Meera Nambiar,Indore,Madhya Pradesh,West,Lavie Women Handbag,Fashion,1611.0,1,255.75,Cash on Delivery,Processing
IND-2023-1030,2023-06-15,CUS-1021,Arjun Reddy,Mumbai,Maharashtra,West,Mamaearth Onion Hair Fall Control Oil 250ml,Beauty & Personal Care,1497.0,3,480.0,UPI,Shipped
IND-2023-1031,2023-07-31,CUS-1016,,Bengaluru,Karnataka,South,Milton Thermosteel Bottle 1000ml,Home & Kitchen,850.5,1,139.12,Credit Card,Delivered
IND-2023-1032,2023-07-30,CUS-1021,Arjun Reddy,Jaipur,Rajasthan,North,Prestige Iris 750W Mixer Grinder,Home & Kitchen,10236.8,4,280.6,Cash on Delivery,Processing
IND-2023-1033,2023-10-21,CUS-1001,Aarav Sharma,Indore,Madhya Pradesh,West,Biba Women Printed Anarkali Kurta,Fashion,1699.15,1,295.11,Cash on Delivery,Shipped
IND-2023-1034,2023-07-01,CUS-1014,Sunita Das,Indore,Madhya Pradesh,West,Biba Women Printed Anarkali Kurta,Fashion,1999.0,1,520.0,Cash on Delivery,Delivered
IND-2023-1035,2023-11-24,CUS-1024,Meera Nambiar,Mumbai,Maharashtra,West,Mi 10000mAh Power Bank 3i,Mobiles & Accessories,1139.05,1,215.04,Credit Card,Delivered
IND-2023-1036,2023-05-13,CUS-1021,Arjun Reddy,Lucknow,Uttar Pradesh,North,Puma Unisex Smashic Sneakers,Fashion,6207.3,3,-1057.28,UPI,Delivered
IND-2023-1037,2023-12-23,CUS-1016,Ritu Mehta,Jaipur,Rajasthan,North,Fastrack Analog Watch for Men,Fashion,5180.0,4,1240.0,UPI,Delivered
IND-2023-1038,2023-02-13,CUS-1001,Aarav Sharma,Pune,Maharashtra,West,Levi's Men Slim Fit Denim Jeans,Fashion,7122.15,3,1668.86,Debit Card,Delivered
IND-2023-1039,2023-03-09,CUS-1016,Ritu Mehta,Kolkata,West Bengal,East,Biba Women Printed Anarkali Kurta,Fashion,3398.3,2,590.23,Credit Card,Delivered
IND-2023-1040,2023-08-05,CUS-1017,Deepak Chopra,Patna,Bihar,East,Prestige Iris 750W Mixer Grinder,Home & Kitchen,6078.1,2,860.08,Credit Card,Delivered
IND-2023-1041,2023-10-26,CUS-1004,Ananya Iyer,Indore,Madhya Pradesh,West,Prestige Iris 750W Mixer Grinder,Home & Kitchen,8157.45,3,570.34,UPI,Delivered
IND-2023-1042,2023-06-21,CUS-1017,Deepak Chopra,Kochi,Kerala,South,Philips Electric Beard Trimmer Series 3000,Beauty & Personal Care,2998.0,2,720.0,UPI,Shipped
IND-2023-1043,2023-08-16,CUS-1004,Ananya Iyer,Patna,Bihar,East,SanDisk 128GB Ultra Dual Drive,Electronics,2716.8,4,330.6,UPI,Delivered
IND-2023-1044,2023-03-22,CUS-1018,Divya Pillai,Bengaluru,Karnataka,South,Philips Electric Beard Trimmer Series 3000,Beauty & Personal Care,2698.2,2,495.15,UPI,Delivered
IND-2023-1045,2023-04-06,CUS-1017,Deepak Chopra,Ahmedabad,Gujarat,West,Biba Women Printed Anarkali Kurta,Fashion,3398.3,2,590.23,Debit Card,Delivered
IND-2023-1046,2023-08-22,CUS-1004,Ananya Iyer,Chandigarh,Punjab,North,Biba Women Printed Anarkali Kurta,Fashion,5397.3,3,1110.22,Cash on Delivery,Delivered
IND-2023-1047,2023-05-16,CUS-1002,Priya Patel,Kochi,Kerala,South,boAt Airdopes 141 Bluetooth Earbuds,Mobiles & Accessories,3702.15,3,813.86,UPI,Delivered
IND-2023-1048,2023-10-17,CUS-1020,Shweta Tiwari,Patna,Bihar,East,Pigeon 4-Burner Glass Top Gas Stove,Home & Kitchen,4084.05,1,558.79,Debit Card,Delivered
IND-2023-1049,2023-08-15,CUS-1003,Rahul Verma,Lucknow,Uttar Pradesh,North,Allen Solly Casual Cotton Shirt,Fashion,4497.0,3,1140.0,Cash on Delivery,Shipped
IND-2023-1050,2023-12-28,CUS-1024,Meera Nambiar,Kolkata,West Bengal,East,Allen Solly Casual Cotton Shirt,Fashion,5396.4,4,1070.3,Credit Card,Delivered
IND-2023-1051,2023-04-08,CUS-1011,Aditya Joshi,Bhubaneswar,Odisha,East,Peter England Formal Trousers,Fashion,2398.0,2,580.0,UPI,Delivered
IND-2023-1052,2023-05-21,CUS-1012,Kavita Rao,Pune,Maharashtra,West,JBL Flip 6 Portable Bluetooth Speaker,Electronics,26997.0,3,3600.0,Debit Card,Delivered
IND-2023-1053,2023-12-23,CUS-1017,Deepak Chopra,Patna,Bihar,East,SanDisk 128GB Ultra Dual Drive,Electronics,1528.2,2,292.65,UPI,Processing
IND-2023-1054,2023-06-25,CUS-1014,Sunita Das,Bengaluru,Karnataka,South,Levi's Men Slim Fit Denim Jeans,Fashion,7497.0,3,1950.0,UPI,Shipped
IND-2023-1055,2023-06-06,CUS-1013,Amit Mishra,Pune,Maharashtra,West,Lakme Absolute Matte Melt Liquid Lip Color,Beauty & Personal Care,525.0,1,175.0,Cash on Delivery,Delivered
IND-2023-1056,24/03/2023,CUS-1024,Meera Nambiar,Pune,Maharashtra,West,Biba Women Printed Anarkali Kurta,Fashion,1999.0,1,520.0,Cash on Delivery,Delivered
IND-2023-1057,2023-11-12,CUS-1001,Aarav Sharma,Patna,Bihar,East,Lavie Women Handbag,Fashion,6444.0,4,1023.0,Cash on Delivery,Delivered
IND-2023-1058,2023-08-08,CUS-1003,Rahul Verma,Kochi,Kerala,South,OnePlus 11R 5G (128GB),Mobiles & Accessories,79998.0,2,9600.0,Credit Card,Delivered
IND-2023-1059,2023-05-26,CUS-1006,Sneha Mukherjee,Bhubaneswar,Odisha,East,Hawkins Futura Hard Anodised Kadai,Home & Kitchen,1757.5,1,-263.62,Cash on Delivery,Returned
IND-2023-1060,2023-12-23,CUS-1006,Sneha Mukherjee,Hyderabad,Telangana,South,OnePlus 11R 5G (128GB),Mobiles & Accessories,31999.2,1,-1199.85,UPI,Delivered
IND-2023-1061,2023-05-12,CUS-1007,Vikram Malhotra,Kochi,Kerala,South,Philips Electric Beard Trimmer Series 3000,Beauty & Personal Care,1499.0,1,360.0,Cash on Delivery,Delivered
IND-2023-1062,2023-04-06,CUS-1021,Arjun Reddy,Chennai,Tamil Nadu,South,Prestige Iris 750W Mixer Grinder,Home & Kitchen,6398.0,2,1100.0,Credit Card,Delivered
IND-2023-1063,2023-05-23,CUS-1010,Neha Singh,Kochi,Kerala,South,Sony Bravia 43-inch 4K LED TV,Electronics,35091.0,1,1175.75,UPI,Delivered
IND-2023-1064,2023-11-07,CUS-1017,Deepak Chopra,Jaipur,Rajasthan,North,Puma Unisex Smashic Sneakers,Fashion,6552.15,3,-798.64,UPI,Delivered
IND-2023-1065,2023-11-20,CUS-1018,Divya Pillai,Jaipur,Rajasthan,North,Levi's Men Slim Fit Denim Jeans,Fashion,8496.6,4,1475.45,UPI,Delivered
IND-2023-1066,2023-11-15,CUS-1008,Pooja Nair,Mumbai,Maharashtra,West,Pigeon 4-Burner Glass Top Gas Stove,Home & Kitchen,7738.2,2,795.15,Cash on Delivery,Delivered
IND-2023-1067,2023-11-06,CUS-1006,Sneha Mukherjee,Indore,Madhya Pradesh,West,SanDisk 128GB Ultra Dual Drive,Electronics,849.0,1,210.0,UPI,Delivered
IND-2023-1068,2023-09-08,CUS-1003,Rahul Verma,Jaipur,Rajasthan,North,Canon EOS 1500D DSLR Camera,Electronics,107074.5,3,0.0,Debit Card,Cancelled
IND-2023-1069,2023-03-03,CUS-1018,Divya Pillai,Mumbai,Maharashtra,West,Prestige Iris 750W Mixer Grinder,Home & Kitchen,9117.15,3,1290.11,UPI,Processing
IND-2023-1070,2023-03-08,CUS-1021,Arjun Reddy,Bhubaneswar,Odisha,East,OnePlus 11R 5G (128GB),Mobiles & Accessories,119997.0,3,-17999.55,Cash on Delivery,Returned
IND-2023-1071,2023-03-09,CUS-1022,Tanvi Deshmukh,Pune,Maharashtra,West,OnePlus 11R 5G (128GB),Mobiles & Accessories,33999.15,1,300.11,Credit Card,Delivered
IND-2023-1072,2023-03-26,CUS-1014,Sunita Das,Chandigarh,Punjab,North,Biotique Botanical Glow Skincare Combo,Beauty & Personal Care,2340.0,3,720.0,Debit Card,Shipped
IND-2023-1073,2023-10-04,CUS-1023,Gaurav Bansal,Patna,Bihar,East,Samsung Galaxy S23 5G,Mobiles & Accessories,194997.0,3,-29249.55,Debit Card,Returned
IND-2023-1074,2023-01-14,CUS-1003,Rahul Verma,Chennai,Tamil Nadu,South,Peter England Formal Trousers,Fashion,3057.45,3,-458.62,Credit Card,Returned
IND-2023-1075,2023-06-28,CUS-1006,Sneha Mukherjee,Patna,Bihar,East,Spigen Armor Back Cover,Mobiles & Accessories,2397.0,3,750.0,Credit Card,Delivered
IND-2023-1076,2023-07-02,CUS-1017,Deepak Chopra,,Odisha,East,Lavie Women Handbag,Fashion,1521.5,1,188.62,Debit Card,Delivered
IND-2023-1077,2023-03-11,CUS-1021,Arjun Reddy,Delhi,Delhi,North,HP Pavilion 15 Core i5 Laptop,Electronics,186966.0,4,-1545.5,Credit Card,Shipped
IND-2023-1078,2023-11-26,CUS-1010,Neha Singh,Indore,Madhya Pradesh,West,Levi's Men Slim Fit Denim Jeans,Fashion,2374.05,1,556.29,Credit Card,Delivered
IND-2023-1079,2023-05-13,CUS-1002,Priya Patel,Indore,Madhya Pradesh,West,Hawkins Futura Hard Anodised Kadai,Home & Kitchen,7400.0,4,1360.0,UPI,Delivered
IND-2023-1080,2023-10-30,CUS-1024,Meera Nambiar,Delhi,Delhi,North,Solimo Water Repellent Polyester Curtains (Set of 2),Home & Kitchen,3596.0,4,-480.0,Credit Card,Delivered
IND-2023-1081,2023-02-12,CUS-1006,Sneha Mukherjee,Patna,Bihar,East,Philips Air Fryer HD9200,Home & Kitchen,18522.15,3,2118.86,Net Banking,Shipped
IND-2023-1082,2023-07-20,CUS-1006,Sneha Mukherjee,Hyderabad,Telangana,South,Philips Electric Beard Trimmer Series 3000,Beauty & Personal Care,4047.3,3,742.72,UPI,Delivered
IND-2023-1083,2023-11-12,CUS-1019,Manish Agarwal,Kochi,Kerala,South,JBL Flip 6 Portable Bluetooth Speaker,Electronics,28796.8,4,-599.4,Cash on Delivery,Delivered
IND-2023-1084,2023-08-24,CUS-1024,Meera Nambiar,Kochi,Kerala,South,Milton Thermosteel Bottle 1000ml,Home & Kitchen,2693.25,3,523.69,Credit Card,Delivered
IND-2023-1085,2023-12-10,CUS-1009,Rajesh Kumar,Patna,Bihar,East,Samsung Galaxy S23 5G,Mobiles & Accessories,165747.45,3,-337.16,UPI,Delivered
IND-2023-1086,2023-01-12,CUS-1018,Divya Pillai,Jaipur,Rajasthan,North,JBL Flip 6 Portable Bluetooth Speaker,Electronics,15298.3,2,375.23,UPI,Delivered
IND-2023-1087,2023-04-21,CUS-1005,Rohan Gupta,Ahmedabad,Gujarat,West,Fastrack Analog Watch for Men,Fashion,1230.25,1,261.44,Credit Card,Delivered
IND-2023-1088,2023-09-03,CUS-1010,Neha Singh,Delhi,Delhi,North,OnePlus 11R 5G (128GB),Mobiles & Accessories,143996.4,4,7200.3,Debit Card,Delivered
IND-2023-1089,2023-04-03,CUS-1016,Ritu Mehta,Lucknow,Uttar Pradesh,North,Solimo Water Repellent Polyester Curtains (Set of 2),Home & Kitchen,3416.2,4,-614.85,UPI,Delivered
IND-2023-1090,2023-01-11,CUS-1015,Karan Kapoor,Bengaluru,Karnataka,South,Solimo Water Repellent Polyester Curtains (Set of 2),Home & Kitchen,899.0,1,-120.0,UPI,Processing
IND-2023-1091,2023-07-21,CUS-1004,Ananya Iyer,Patna,Bihar,East,The Derma Co 10% Vitamin C Face Serum,Beauty & Personal Care,649.0,1,-97.35,Debit Card,Returned
IND-2023-1092,2023-08-21,CUS-1009,Rajesh Kumar,Bhubaneswar,Odisha,East,Biba Women Printed Anarkali Kurta,Fashion,3598.2,2,0.0,Credit Card,Cancelled
IND-2023-1093,2023-02-01,CUS-1015,Karan Kapoor,Chandigarh,Punjab,North,SanDisk 128GB Ultra Dual Drive,Electronics,764.1,1,146.32,Cash on Delivery,Delivered
IND-2023-1094,2023-11-04,CUS-1006,Sneha Mukherjee,Mumbai,Maharashtra,West,Samsung Galaxy S23 5G,Mobiles & Accessories,103998.4,2,-5099.7,Cash on Delivery,Delivered
IND-2023-1095,2023-03-30,CUS-1007,Vikram Malhotra,Chennai,Tamil Nadu,South,Lavie Women Handbag,Fashion,1611.0,1,255.75,Debit Card,Processing
IND-2023-1096,2023-12-01,CUS-1005,Rohan Gupta,Jaipur,Rajasthan,North,HP Pavilion 15 Core i5 Laptop,Electronics,131976.0,3,0.0,UPI,Cancelled
IND-2023-1097,2023-08-08,CUS-1002,Priya Patel,Ahmedabad,Gujarat,West,Milton Thermosteel Bottle 1000ml,Home & Kitchen,3024.0,4,273.0,Cash on Delivery,Shipped
IND-2023-1098,2023-05-09,CUS-1018,Divya Pillai,Ahmedabad,Gujarat,West,Lavie Women Handbag,Fashion,1790.0,1,390.0,Cash on Delivery,Delivered
IND-2023-1099,2023-01-28,CUS-1024,Meera Nambiar,Chennai,Tamil Nadu,South,Fastrack Analog Watch for Men,Fashion,1165.5,1,212.88,Debit Card,Processing
IND-2023-1100,2023-05-25,CUS-1007,Vikram Malhotra,Patna,Bihar,East,Wakefit Ergonomic Orthopedic Mattress,Home & Kitchen,44996.4,4,-9549.7,Credit Card,Delivered
IND-2023-1101,2023-07-03,CUS-1010,Neha Singh,Patna,Bihar,East,Philips Electric Beard Trimmer Series 3000,Beauty & Personal Care,4796.8,4,540.6,UPI,Delivered
IND-2023-1102,2023-12-10,CUS-1023,Gaurav Bansal,Pune,Maharashtra,West,Canon EOS 1500D DSLR Camera,Electronics,41990.0,1,4500.0,UPI,Delivered
IND-2023-1103,2023-08-16,CUS-1006,Sneha Mukherjee,Hyderabad,Telangana,South,Spigen Armor Back Cover,Mobiles & Accessories,799.0,1,250.0,Cash on Delivery,Shipped
IND-2023-1104,2023-10-05,CUS-1003,Rahul Verma,Kochi,Kerala,South,Solimo Water Repellent Polyester Curtains (Set of 2),Home & Kitchen,3056.6,4,-884.55,Credit Card,Processing
IND-2023-1105,2023-07-16,CUS-1012,Kavita Rao,Patna,Bihar,East,Philips Electric Beard Trimmer Series 3000,Beauty & Personal Care,1499.0,1,360.0,UPI,Delivered
IND-2023-1106,2023-05-06,CUS-1003,Rahul Verma,Lucknow,Uttar Pradesh,North,Mamaearth Onion Hair Fall Control Oil 250ml,Beauty & Personal Care,1996.0,4,640.0,UPI,Delivered
IND-2023-1107,2023-12-11,CUS-1009,Rajesh Kumar,Mumbai,Maharashtra,West,Milton Thermosteel Bottle 1000ml,Home & Kitchen,1795.5,2,349.12,Credit Card,Shipped
IND-2023-1108,2023-12-05,CUS-1023,Gaurav Bansal,Kochi,Kerala,South,HP Pavilion 15 Core i5 Laptop,Electronics,46741.5,1,0.0,UPI,Cancelled
IND-2023-1109,2023-04-28,CUS-1020,Shweta Tiwari,Indore,Madhya Pradesh,West,Allen Solly Casual Cotton Shirt,Fashion,2398.4,2,310.3,Cash on Delivery,Shipped
IND-2023-1110,2023-07-15,CUS-1005,Rohan Gupta,Kochi,Kerala,South,Puma Unisex Smashic Sneakers,Fashion,8276.4,4,-1409.7,Cash on Delivery,Delivered
IND-2023-1111,2023-09-28,CUS-1021,Arjun Reddy,Chennai,Tamil Nadu,South,Milton Thermosteel Bottle 1000ml,Home & Kitchen,2409.75,3,-361.46,Debit Card,Returned
IND-2023-1112,2023-10-26,CUS-1011,Aditya Joshi,Delhi,Delhi,North,The Derma Co 10% Vitamin C Face Serum,Beauty & Personal Care,2336.4,4,685.3,UPI,Delivered
IND-2023-1113,2023-12-12,CUS-1010,Neha Singh,Chennai,Tamil Nadu,South,Spigen Armor Back Cover,Mobiles & Accessories,639.2,1,130.15,Credit Card,Delivered
IND-2023-1114,2023-10-07,CUS-1005,Rohan Gupta,Hyderabad,Telangana,South,boAt Airdopes 141 Bluetooth Earbuds,Mobiles & Accessories,3312.45,3,521.59,Cash on Delivery,Delivered
IND-2023-1115,2023-03-20,CUS-1017,Deepak Chopra,Kolkata,West Bengal,East,Lavie Women Handbag,Fashion,3580.0,2,780.0,Credit Card,Delivered
IND-2023-1116,2023-08-14,CUS-1017,Deepak Chopra,Indore,Madhya Pradesh,West,Spigen Armor Back Cover,Mobiles & Accessories,679.15,1,160.11,UPI,Delivered
IND-2023-1117,2023-03-17,CUS-1007,Vikram Malhotra,Delhi,Delhi,North,Sony Bravia 43-inch 4K LED TV,Electronics,124768.0,4,-6994.0,UPI,Delivered
IND-2023-1118,2023-07-06,CUS-1012,Kavita Rao,Delhi,Delhi,North,Lakme Absolute Matte Melt Liquid Lip Color,Beauty & Personal Care,446.25,1,115.94,Cash on Delivery,Delivered
IND-2023-1119,2023-04-12,CUS-1005,Rohan Gupta,Chandigarh,Punjab,North,Solimo Water Repellent Polyester Curtains (Set of 2),Home & Kitchen,2292.45,3,-663.41,Cash on Delivery,Delivered
IND-2023-1120,2023-09-19,CUS-1018,Divya Pillai,Patna,Bihar,East,Canon EOS 1500D DSLR Camera,Electronics,39890.5,1,2925.38,Debit Card,Delivered
IND-2023-1121,2023-11-14,CUS-1013,Amit Mishra,Lucknow,Uttar Pradesh,North,Redmi Note 12 Pro 5G,Mobiles & Accessories,43998.0,2,4800.0,,Delivered
IND-2023-1122,2023-12-11,CUS-1011,Aditya Joshi,Kolkata,West Bengal,East,JBL Flip 6 Portable Bluetooth Speaker,Electronics,17998.0,2,2400.0,Cash on Delivery,Delivered
IND-2023-1123,2023-05-04,CUS-1002,Priya Patel,Lucknow,Uttar Pradesh,North,Milton Thermosteel Bottle 1000ml,Home & Kitchen,803.25,1,103.69,Cash on Delivery,Delivered
IND-2023-1124,2023-04-05,CUS-1006,Sneha Mukherjee,Bhubaneswar,Odisha,East,Levi's Men Slim Fit Denim Jeans,Fashion,7122.15,3,1668.86,Credit Card,Delivered
IND-2023-1125,2023-11-30,CUS-1011,Aditya Joshi,Chandigarh,Punjab,North,Philips Air Fryer HD9200,Home & Kitchen,5849.1,1,462.57,UPI,Delivered
IND-2023-1126,2023-10-09,CUS-1018,Divya Pillai,Pune,Maharashtra,West,Hawkins Futura Hard Anodised Kadai,Home & Kitchen,1665.0,1,201.25,Credit Card,Delivered
IND-2023-1127,2023-07-02,CUS-1010,Neha Singh,Chennai,Tamil Nadu,South,Sony Bravia 43-inch 4K LED TV,Electronics,31192.0,1,-1748.5,Credit Card,Delivered
IND-2023-1128,2023-09-06,CUS-1017,Deepak Chopra,Jaipur,Rajasthan,North,Levi's Men Slim Fit Denim Jeans,Fashion,8496.6,4,1475.45,UPI,Delivered
IND-2023-1129,2023-03-08,CUS-1003,Rahul Verma,Lucknow,Uttar Pradesh,North,The Derma Co 10% Vitamin C Face Serum,Beauty & Personal Care,616.55,1,195.66,Net Banking,Delivered
IND-2023-1130,2023-05-05,CUS-1003,Rahul Verma,Hyderabad,Telangana,South,Fastrack Analog Watch for Men,Fashion,1165.5,1,212.88,Credit Card,Delivered
IND-2023-1131,2023-09-05,CUS-1003,Rahul Verma,Patna,Bihar,East,Wakefit Ergonomic Orthopedic Mattress,Home & Kitchen,29997.6,3,-9974.55,UPI,Processing
IND-2023-1132,2023-12-01,CUS-1001,Aarav Sharma,Bengaluru,Karnataka,South,Prestige Iris 750W Mixer Grinder,Home & Kitchen,3199.0,1,550.0,Cash on Delivery,Delivered
IND-2023-1133,2023-03-01,CUS-1018,Divya Pillai,Hyderabad,Telangana,South,Biba Women Printed Anarkali Kurta,Fashion,1999.0,1,520.0,UPI,Shipped
IND-2023-1134,2023-04-21,CUS-1025,Siddharth Sen,Lucknow,Uttar Pradesh,North,Puma Unisex Smashic Sneakers,Fashion,1954.15,1,-438.64,UPI,Delivered
IND-2023-1135,2023-09-23,CUS-1009,Rajesh Kumar,Kolkata,West Bengal,East,Levi's Men Slim Fit Denim Jeans,Fashion,9496.2,4,2225.15,Debit Card,Delivered
IND-2023-1136,2023-02-09,CUS-1004,Ananya Iyer,Ahmedabad,Gujarat,West,Puma Unisex Smashic Sneakers,Fashion,6207.3,3,-1057.28,Credit Card,Shipped
IND-2023-1137,2023-03-15,CUS-1017,Deepak Chopra,Kolkata,West Bengal,East,Mamaearth Onion Hair Fall Control Oil 250ml,Beauty & Personal Care,1272.45,3,311.59,UPI,Delivered
IND-2023-1138,2023-12-21,CUS-1019,Manish Agarwal,Hyderabad,Telangana,South,Sony Bravia 43-inch 4K LED TV,Electronics,38990.0,1,4100.0,UPI,Delivered
IND-2023-1139,2023-11-25,CUS-1001,Aarav Sharma,Lucknow,Uttar Pradesh,North,Levi's Men Slim Fit Denim Jeans,Fashion,8996.4,4,1850.3,Credit Card,Delivered
IND-2023-1140,2023-04-12,CUS-1005,Rohan Gupta,Lucknow,Uttar Pradesh,North,Redmi Note 12 Pro 5G,Mobiles & Accessories,41798.1,2,3150.07,UPI,Delivered
IND-2023-1141,2023-04-18,CUS-1007,Vikram Malhotra,Chennai,Tamil Nadu,South,Redmi Note 12 Pro 5G,Mobiles & Accessories,41798.1,2,-6269.71,Credit Card,Returned
IND-2023-1142,2023-12-08,CUS-1014,Sunita Das,Ahmedabad,Gujarat,West,Fastrack Analog Watch for Men,Fashion,2072.0,2,231.5,UPI,Delivered
IND-2023-1143,2023-12-12,CUS-1009,Rajesh Kumar,Bhubaneswar,Odisha,East,Canon EOS 1500D DSLR Camera,Electronics,142766.0,4,-895.5,UPI,Delivered
IND-2023-1144,2023-08-20,CUS-1020,Shweta Tiwari,Hyderabad,Telangana,South,The Derma Co 10% Vitamin C Face Serum,Beauty & Personal Care,1947.0,3,660.0,UPI,Delivered
IND-2023-1145,2023-11-18,CUS-1020,Shweta Tiwari,Kolkata,West Bengal,East,Puma Unisex Smashic Sneakers,Fashion,8276.4,4,-1409.7,UPI,Processing
IND-2023-1146,2023-02-03,CUS-1011,Aditya Joshi,Delhi,Delhi,North,boAt Airdopes 141 Bluetooth Earbuds,Mobiles & Accessories,4416.6,4,695.45,Cash on Delivery,Delivered
IND-2023-1147,2023-06-17,CUS-1004,Ananya Iyer,Patna,Bihar,East,Levi's Men Slim Fit Denim Jeans,Fashion,4498.2,2,925.15,UPI,Shipped
IND-2023-1148,2023-03-20,CUS-1003,Rahul Verma,Indore,Madhya Pradesh,West,Spigen Armor Back Cover,Mobiles & Accessories,759.05,1,220.04,UPI,Processing
IND-2023-1149,2023-11-10,CUS-1018,Divya Pillai,Chennai,Tamil Nadu,South,Puma Unisex Smashic Sneakers,Fashion,2299.0,1,-180.0,UPI,Processing
IND-2023-1150,2023-10-07,CUS-1022,Tanvi Deshmukh,Indore,Madhya Pradesh,West,OnePlus 11R 5G (128GB),Mobiles & Accessories,31999.2,1,-1199.85,UPI,Delivered
IND-2023-1151,2023-05-12,CUS-1007,Vikram Malhotra,Kolkata,West Bengal,East,Logitech Wireless Keyboard & Mouse,Electronics,4036.5,3,713.62,UPI,Delivered
IND-2023-1152,2023-07-08,CUS-1011,Aditya Joshi,Jaipur,Rajasthan,North,Biotique Botanical Glow Skincare Combo,Beauty & Personal Care,2340.0,3,720.0,Debit Card,Delivered
IND-2023-1153,2023-02-12,CUS-1004,Ananya Iyer,Pune,Maharashtra,West,Solimo Water Repellent Polyester Curtains (Set of 2),Home & Kitchen,719.2,1,-254.85,UPI,Delivered
IND-2023-1154,2023-02-12,CUS-1001,Aarav Sharma,Hyderabad,Telangana,South,Mamaearth Onion Hair Fall Control Oil 250ml,Beauty & Personal Care,399.2,1,85.15,Credit Card,Delivered
IND-2023-1155,2023-11-28,CUS-1023,Gaurav Bansal,Hyderabad,Telangana,South,Fastrack Analog Watch for Men,Fashion,3496.5,3,638.62,Cash on Delivery,Shipped
IND-2023-1156,2023-05-16,CUS-1019,Manish Agarwal,Bengaluru,Karnataka,South,Lavie Women Handbag,Fashion,4833.0,3,767.25,UPI,Delivered
IND-2023-1157,2023-11-06,CUS-1002,Priya Patel,Ahmedabad,Gujarat,West,Hawkins Futura Hard Anodised Kadai,Home & Kitchen,7400.0,4,1360.0,UPI,Delivered
IND-2023-1158,2023-03-30,CUS-1014,Sunita Das,Lucknow,Uttar Pradesh,North,Allen Solly Casual Cotton Shirt,Fashion,4796.8,4,620.6,UPI,Delivered
IND-2023-1159,2023-10-27,CUS-1021,Arjun Reddy,Patna,Bihar,East,Sony Bravia 43-inch 4K LED TV,Electronics,38990.0,1,4100.0,Debit Card,Delivered
IND-2023-1160,2023-03-04,CUS-1025,Siddharth Sen,Bengaluru,Karnataka,South,Puma Unisex Smashic Sneakers,Fashion,6897.0,3,-540.0,Cash on Delivery,Delivered
IND-2023-1161,2023-01-25,CUS-1013,Amit Mishra,Pune,Maharashtra,West,The Derma Co 10% Vitamin C Face Serum,Beauty & Personal Care,616.55,1,195.66,UPI,Delivered
IND-2023-1162,2023-12-03,CUS-1016,Ritu Mehta,Kochi,Kerala,South,Spigen Armor Back Cover,Mobiles & Accessories,1598.0,2,500.0,UPI,Delivered
IND-2023-1163,2023-03-15,CUS-1005,Rohan Gupta,Chandigarh,Punjab,North,The Derma Co 10% Vitamin C Face Serum,Beauty & Personal Care,649.0,1,220.0,UPI,Delivered
IND-2023-1164,2023-03-05,CUS-1015,Karan Kapoor,Ahmedabad,Gujarat,West,The Derma Co 10% Vitamin C Face Serum,Beauty & Personal Care,1168.2,2,342.65,Cash on Delivery,Delivered
IND-2023-1165,2023-09-16,CUS-1001,Aarav Sharma,Bhubaneswar,Odisha,East,Philips Electric Beard Trimmer Series 3000,Beauty & Personal Care,2698.2,2,495.15,Cash on Delivery,Delivered
IND-2023-1166,2023-12-18,CUS-1023,Gaurav Bansal,Delhi,Delhi,North,Redmi Note 12 Pro 5G,Mobiles & Accessories,83596.2,4,6300.15,Cash on Delivery,Delivered
IND-2023-1167,2023-08-14,CUS-1014,Sunita Das,Indore,Madhya Pradesh,West,Biotique Botanical Glow Skincare Combo,Beauty & Personal Care,1872.0,3,369.0,Credit Card,Delivered
IND-2023-1168,2023-12-23,CUS-1006,Sneha Mukherjee,Bengaluru,Karnataka,South,HP Pavilion 15 Core i5 Laptop,Electronics,109980.0,2,11600.0,Cash on Delivery,Shipped
IND-2023-1169,2023-11-07,CUS-1017,Deepak Chopra,Kolkata,West Bengal,East,SanDisk 128GB Ultra Dual Drive,Electronics,2292.3,3,438.98,Cash on Delivery,Delivered
IND-2023-1170,2023-02-11,CUS-1012,Kavita Rao,Indore,Madhya Pradesh,West,Samsung Galaxy S23 5G,Mobiles & Accessories,55249.15,1,-112.39,Cash on Delivery,Processing
IND-2023-1171,2023-09-17,CUS-1002,Priya Patel,Bengaluru,Karnataka,South,Lavie Women Handbag,Fashion,5101.5,3,968.62,Credit Card,Delivered
IND-2023-1172,2023-04-11,CUS-1020,Shweta Tiwari,Kochi,Kerala,South,Mi 10000mAh Power Bank 3i,Mobiles & Accessories,4316.4,4,680.3,Credit Card,Delivered
IND-2023-1173,2023-02-22,CUS-1014,Sunita Das,Mumbai,Maharashtra,West,OnePlus 11R 5G (128GB),Mobiles & Accessories,101997.45,3,900.34,UPI,Delivered
IND-2023-1174,2023-12-30,CUS-1019,Manish Agarwal,Bengaluru,Karnataka,South,Lakme Absolute Matte Melt Liquid Lip Color,Beauty & Personal Care,1575.0,3,525.0,UPI,Delivered
IND-2023-1175,2023-09-13,CUS-1017,Deepak Chopra,Kochi,Kerala,South,Mamaearth Onion Hair Fall Control Oil 250ml,Beauty & Personal Care,1996.0,4,640.0,UPI,Delivered
IND-2023-1176,2023-01-27,CUS-1006,Sneha Mukherjee,Kolkata,West Bengal,East,Wakefit Ergonomic Orthopedic Mattress,Home & Kitchen,47496.2,4,-7674.85,UPI,Delivered
IND-2023-1177,2023-03-20,CUS-1008,Pooja Nair,Mumbai,Maharashtra,West,Sony Bravia 43-inch 4K LED TV,Electronics,70182.0,2,2351.5,Cash on Delivery,Delivered
IND-2023-1178,2023-02-19,CUS-1018,Divya Pillai,Delhi,Delhi,North,SanDisk 128GB Ultra Dual Drive,Electronics,721.65,1,114.49,Cash on Delivery,Delivered
IND-2023-1179,2023-04-22,CUS-1007,Vikram Malhotra,Jaipur,Rajasthan,North,Spigen Armor Back Cover,Mobiles & Accessories,679.15,1,160.11,Debit Card,Delivered
IND-2023-1180,2023-10-01,CUS-1025,Siddharth Sen,Kochi,Kerala,South,Philips Electric Beard Trimmer Series 3000,Beauty & Personal Care,2998.0,2,720.0,Cash on Delivery,Shipped
IND-2023-1181,2023-08-30,CUS-1005,Rohan Gupta,Mumbai,Maharashtra,West,OnePlus 11R 5G (128GB),Mobiles & Accessories,119997.0,3,14400.0,UPI,Shipped
IND-2023-1182,2023-05-22,CUS-1017,Deepak Chopra,Patna,Bihar,East,Solimo Water Repellent Polyester Curtains (Set of 2),Home & Kitchen,3596.0,4,-480.0,Debit Card,Delivered
IND-2023-1183,2023-11-20,CUS-1010,Neha Singh,Jaipur,Rajasthan,North,boAt Airdopes 141 Bluetooth Earbuds,Mobiles & Accessories,2598.0,2,-389.7,Cash on Delivery,Returned
IND-2023-1184,2023-11-01,CUS-1006,Sneha Mukherjee,Chandigarh,Punjab,North,Wakefit Ergonomic Orthopedic Mattress,Home & Kitchen,47496.2,4,-7124.43,UPI,Returned
IND-2023-1185,2023-03-25,CUS-1004,Ananya Iyer,Delhi,Delhi,North,Samsung Galaxy S23 5G,Mobiles & Accessories,129998.0,2,14400.0,Cash on Delivery,Delivered
IND-2023-1186,2023-11-30,CUS-1016,Ritu Mehta,Indore,Madhya Pradesh,West,Milton Thermosteel Bottle 1000ml,Home & Kitchen,2409.75,3,0.0,Credit Card,Cancelled
IND-2023-1187,2023-01-26,CUS-1019,Manish Agarwal,Kochi,Kerala,South,Sony Bravia 43-inch 4K LED TV,Electronics,116970.0,3,12300.0,Net Banking,Delivered
IND-2023-1188,2023-03-05,CUS-1004,Ananya Iyer,Bhubaneswar,Odisha,East,OnePlus 11R 5G (128GB),Mobiles & Accessories,127996.8,4,-4799.4,UPI,Delivered
IND-2023-1189,2023-05-23,CUS-1012,Kavita Rao,Patna,Bihar,East,Biba Women Printed Anarkali Kurta,Fashion,3798.1,2,890.08,Credit Card,Shipped
IND-2023-1190,2023-01-10,CUS-1020,Shweta Tiwari,Chennai,Tamil Nadu,South,Lavie Women Handbag,Fashion,5728.0,4,486.0,UPI,Delivered
IND-2023-1191,2023-07-29,CUS-1010,Neha Singh,Mumbai,Maharashtra,West,Milton Thermosteel Bottle 1000ml,Home & Kitchen,2551.5,3,417.38,Debit Card,Delivered
IND-2023-1192,2023-01-28,CUS-1002,Priya Patel,Delhi,Delhi,North,Canon EOS 1500D DSLR Camera,Electronics,119671.5,3,-17950.72,Net Banking,Returned
IND-2023-1193,2023-06-20,CUS-1016,Ritu Mehta,Kolkata,West Bengal,East,Mamaearth Onion Hair Fall Control Oil 250ml,Beauty & Personal Care,1996.0,4,640.0,Debit Card,Shipped
IND-2023-1194,2023-12-18,CUS-1005,Rohan Gupta,Kochi,Kerala,South,Logitech Wireless Keyboard & Mouse,Electronics,1495.0,1,350.0,Cash on Delivery,Delivered
IND-2023-1195,2023-03-05,CUS-1017,Deepak Chopra,Hyderabad,Telangana,South,Pigeon 4-Burner Glass Top Gas Stove,Home & Kitchen,8598.0,2,1440.0,UPI,Shipped
IND-2023-1196,2023-04-23,CUS-1005,Rohan Gupta,Kolkata,West Bengal,East,Samsung Galaxy S23 5G,Mobiles & Accessories,185247.15,3,14287.61,Credit Card,Delivered
IND-2023-1197,2023-10-14,CUS-1006,Sneha Mukherjee,Jaipur,Rajasthan,North,Pigeon 4-Burner Glass Top Gas Stove,Home & Kitchen,6878.4,2,150.3,UPI,Delivered
IND-2023-1198,2023-12-27,CUS-1004,Ananya Iyer,Kolkata,West Bengal,East,Logitech Wireless Keyboard & Mouse,Electronics,5980.0,4,1400.0,Credit Card,Delivered
IND-2023-1199,2023-09-18,CUS-1012,Kavita Rao,Patna,Bihar,East,Mi 10000mAh Power Bank 3i,Mobiles & Accessories,3237.3,3,510.22,UPI,Delivered
IND-2023-1200,2023-09-27,CUS-1004,Ananya Iyer,Pune,Maharashtra,West,Prestige Iris 750W Mixer Grinder,Home & Kitchen,12156.2,4,1720.15,UPI,Delivered
IND-2023-1201,2023-06-07,CUS-1004,Ananya Iyer,Pune,Maharashtra,West,HP Pavilion 15 Core i5 Laptop,Electronics,52240.5,1,-7836.07,Credit Card,Returned
IND-2023-1202,2023-09-14,CUS-1002,Priya Patel,Lucknow,Uttar Pradesh,North,Lakme Absolute Matte Melt Liquid Lip Color,Beauty & Personal Care,1785.0,4,463.75,Debit Card,Delivered
IND-2023-1203,2023-02-05,CUS-1022,Tanvi Deshmukh,Chennai,Tamil Nadu,South,Mi 10000mAh Power Bank 3i,Mobiles & Accessories,3057.45,3,0.0,Cash on Delivery,Cancelled
IND-2023-1204,2023-12-09,CUS-1002,Priya Patel,Ahmedabad,Gujarat,West,OnePlus 11R 5G (128GB),Mobiles & Accessories,159996.0,4,19200.0,Credit Card,Delivered
IND-2023-1205,2023-01-28,CUS-1011,Aditya Joshi,Chandigarh,Punjab,North,HP Pavilion 15 Core i5 Laptop,Electronics,98982.0,2,3351.5,UPI,Delivered
IND-2023-1206,2023-09-18,CUS-1016,Ritu Mehta,Chandigarh,Punjab,North,OnePlus 11R 5G (128GB),Mobiles & Accessories,37999.05,1,3300.04,Cash on Delivery,Delivered
IND-2023-1207,2023-06-09,CUS-1022,Tanvi Deshmukh,Kochi,Kerala,South,Lavie Women Handbag,Fashion,1700.5,1,322.88,UPI,Delivered
IND-2023-1208,2023-12-28,CUS-1001,Aarav Sharma,Jaipur,Rajasthan,North,Milton Thermosteel Bottle 1000ml,Home & Kitchen,2551.5,3,417.38,UPI,Delivered
IND-2023-1209,2023-02-17,CUS-1006,Sneha Mukherjee,Kochi,Kerala,South,Samsung Galaxy S23 5G,Mobiles & Accessories,129998.0,2,14400.0,Cash on Delivery,Processing
IND-2023-1210,2023-04-09,CUS-1002,Priya Patel,Delhi,Delhi,North,The Derma Co 10% Vitamin C Face Serum,Beauty & Personal Care,2596.0,4,880.0,Net Banking,Delivered
IND-2023-1211,2023-09-01,CUS-1020,Shweta Tiwari,Lucknow,Uttar Pradesh,North,Pigeon 4-Burner Glass Top Gas Stove,Home & Kitchen,13756.8,4,300.6,Debit Card,Delivered
IND-2023-1212,2023-09-07,CUS-1011,Aditya Joshi,Kolkata,West Bengal,East,Spigen Armor Back Cover,Mobiles & Accessories,759.05,1,220.04,Cash on Delivery,Delivered
IND-2023-1213,2023-12-16,CUS-1023,Gaurav Bansal,Delhi,Delhi,North,Mamaearth Onion Hair Fall Control Oil 250ml,Beauty & Personal Care,1596.8,4,-239.52,UPI,Returned
IND-2023-1214,2023-05-16,CUS-1022,Tanvi Deshmukh,Indore,Madhya Pradesh,West,Samsung Galaxy S23 5G,Mobiles & Accessories,129998.0,2,14400.0,Debit Card,Delivered
IND-2023-1215,2023-11-30,CUS-1021,Arjun Reddy,Bhubaneswar,Odisha,East,Lakme Absolute Matte Melt Liquid Lip Color,Beauty & Personal Care,1338.75,3,347.81,Credit Card,Delivered
IND-2023-1216,2023-09-26,CUS-1016,Ritu Mehta,Mumbai,Maharashtra,West,HP Pavilion 15 Core i5 Laptop,Electronics,104481.0,2,7475.75,Credit Card,Delivered
IND-2023-1217,2023-10-27,CUS-1008,Pooja Nair,Chandigarh,Punjab,North,SanDisk 128GB Ultra Dual Drive,Electronics,1443.3,2,228.98,UPI,Processing
IND-2023-1218,2023-12-01,CUS-1021,Arjun Reddy,Indore,Madhya Pradesh,West,Fastrack Analog Watch for Men,Fashion,2331.0,2,425.75,UPI,Delivered
IND-2023-1219,2023-01-18,CUS-1024,Meera Nambiar,Bengaluru,Karnataka,South,Fastrack Analog Watch for Men,Fashion,1100.75,1,-165.11,Cash on Delivery,Returned
IND-2023-1220,2023-08-07,CUS-1001,Aarav Sharma,Pune,Maharashtra,West,Samsung Galaxy S23 5G,Mobiles & Accessories,155997.6,3,-23399.64,Credit Card,Returned
IND-2023-1221,2023-06-30,CUS-1013,Amit Mishra,Pune,Maharashtra,West,Lakme Absolute Matte Melt Liquid Lip Color,Beauty & Personal Care,1785.0,4,463.75,Debit Card,Delivered
IND-2023-1222,2023-05-18,CUS-1025,Siddharth Sen,Mumbai,Maharashtra,West,boAt Airdopes 141 Bluetooth Earbuds,Mobiles & Accessories,3117.6,3,375.45,Debit Card,Delivered
IND-2023-1223,2023-09-14,CUS-1025,Siddharth Sen,Indore,Madhya Pradesh,West,Solimo Water Repellent Polyester Curtains (Set of 2),Home & Kitchen,3236.4,4,-749.7,Cash on Delivery,Shipped
IND-2023-1224,2023-03-27,CUS-1002,Priya Patel,Jaipur,Rajasthan,North,Fastrack Analog Watch for Men,Fashion,3496.5,3,638.62,UPI,Delivered
IND-2023-1225,2023-06-09,CUS-1017,Deepak Chopra,Chennai,Tamil Nadu,South,Allen Solly Casual Cotton Shirt,Fashion,3822.45,3,-573.37,Cash on Delivery,Returned
IND-2023-1226,2023-12-01,CUS-1013,Amit Mishra,Delhi,Delhi,North,Hawkins Futura Hard Anodised Kadai,Home & Kitchen,1850.0,1,340.0,Debit Card,Shipped
IND-2023-1227,2023-12-30,CUS-1024,Meera Nambiar,Bhubaneswar,Odisha,East,Sony Bravia 43-inch 4K LED TV,Electronics,33141.5,1,-286.38,Cash on Delivery,Delivered
IND-2023-1228,2023-03-28,CUS-1002,Priya Patel,Jaipur,Rajasthan,North,Logitech Wireless Keyboard & Mouse,Electronics,2392.0,2,251.5,UPI,Delivered
IND-2023-1229,2023-01-03,CUS-1023,Gaurav Bansal,Bengaluru,Karnataka,South,OnePlus 11R 5G (128GB),Mobiles & Accessories,79998.0,2,9600.0,Cash on Delivery,Processing
IND-2023-1230,2023-04-23,CUS-1021,Arjun Reddy,Kolkata,West Bengal,East,Mi 10000mAh Power Bank 3i,Mobiles & Accessories,3597.0,3,780.0,UPI,Delivered
IND-2023-1231,2023-10-15,CUS-1002,Priya Patel,Hyderabad,Telangana,South,Lakme Absolute Matte Melt Liquid Lip Color,Beauty & Personal Care,1890.0,4,542.5,Credit Card,Shipped
IND-2023-1232,2023-03-24,CUS-1007,Vikram Malhotra,Pune,Maharashtra,West,boAt Airdopes 141 Bluetooth Earbuds,Mobiles & Accessories,2598.0,2,640.0,UPI,Delivered
IND-2023-1233,2023-11-05,CUS-1005,Rohan Gupta,Patna,Bihar,East,Sony Bravia 43-inch 4K LED TV,Electronics,111121.5,3,7913.62,UPI,Delivered
IND-2023-1234,2023-07-23,CUS-1025,Siddharth Sen,Delhi,Delhi,North,Samsung Galaxy S23 5G,Mobiles & Accessories,194997.0,3,21600.0,UPI,Shipped
IND-2023-1235,2023-01-06,CUS-1016,Ritu Mehta,Delhi,Delhi,North,Pigeon 4-Burner Glass Top Gas Stove,Home & Kitchen,4299.0,1,720.0,Credit Card,Delivered
IND-2023-1236,2023-06-05,CUS-1014,Sunita Das,Chandigarh,Punjab,North,Biotique Botanical Glow Skincare Combo,Beauty & Personal Care,780.0,1,240.0,Credit Card,Delivered
IND-2023-1237,2023-11-14,CUS-1004,Ananya Iyer,Kochi,Kerala,South,Peter England Formal Trousers,Fashion,959.2,1,110.15,UPI,Delivered
IND-2023-1238,2023-11-01,CUS-1001,Aarav Sharma,Patna,Bihar,East,Logitech Wireless Keyboard & Mouse,Electronics,3812.25,3,545.44,UPI,Delivered
IND-2023-1239,2023-03-25,CUS-1023,Gaurav Bansal,Indore,Madhya Pradesh,West,SanDisk 128GB Ultra Dual Drive,Electronics,1528.2,2,292.65,UPI,Delivered
IND-2023-1240,2023-04-25,CUS-1010,Neha Singh,Jaipur,Rajasthan,North,Spigen Armor Back Cover,Mobiles & Accessories,1518.1,2,440.07,UPI,Delivered
IND-2023-1241,2023-01-28,CUS-1007,Vikram Malhotra,Delhi,Delhi,North,Wakefit Ergonomic Orthopedic Mattress,Home & Kitchen,39996.8,4,-13299.4,UPI,Delivered
IND-2023-1242,2023-12-08,CUS-1025,Siddharth Sen,Pune,Maharashtra,West,Pigeon 4-Burner Glass Top Gas Stove,Home & Kitchen,4299.0,1,720.0,Debit Card,Delivered
IND-2023-1243,2023-02-28,CUS-1007,Vikram Malhotra,Mumbai,Maharashtra,West,Hawkins Futura Hard Anodised Kadai,Home & Kitchen,6290.0,4,527.5,Cash on Delivery,Processing
IND-2023-1244,2023-01-27,CUS-1011,Aditya Joshi,Pune,Maharashtra,West,OnePlus 11R 5G (128GB),Mobiles & Accessories,119997.0,3,14400.0,UPI,Delivered
IND-2023-1245,2023-02-16,CUS-1005,Rohan Gupta,Delhi,Delhi,North,Wakefit Ergonomic Orthopedic Mattress,Home & Kitchen,47496.2,4,-7674.85,Debit Card,Delivered
IND-2023-1246,2023-09-02,CUS-1022,Tanvi Deshmukh,Patna,Bihar,East,Samsung Galaxy S23 5G,Mobiles & Accessories,155997.6,3,-7649.55,Credit Card,Delivered
IND-2023-1247,2023-09-24,CUS-1016,Ritu Mehta,Chennai,Tamil Nadu,South,SanDisk 128GB Ultra Dual Drive,Electronics,2292.3,3,438.98,UPI,Delivered
IND-2023-1248,2023-06-05,CUS-1014,Sunita Das,Kochi,Kerala,South,Fastrack Analog Watch for Men,Fashion,5180.0,4,-777.0,UPI,Returned
IND-2023-1249,2023-03-27,CUS-1014,Sunita Das,Ahmedabad,Gujarat,West,Redmi Note 12 Pro 5G,Mobiles & Accessories,70396.8,4,-3599.4,UPI,Delivered
IND-2023-1250,2023-12-15,CUS-1005,Rohan Gupta,Hyderabad,Telangana,South,The Derma Co 10% Vitamin C Face Serum,Beauty & Personal Care,616.55,1,195.66,Net Banking,Delivered
IND-2023-1251,2023-07-22,CUS-1002,Priya Patel,Ahmedabad,Gujarat,West,Lavie Women Handbag,Fashion,1790.0,1,390.0,Credit Card,Shipped
IND-2023-1252,2023-06-22,CUS-1008,Pooja Nair,Pune,Maharashtra,West,Samsung Galaxy S23 5G,Mobiles & Accessories,207996.8,4,-10199.4,Credit Card,Delivered
IND-2023-1253,2023-05-01,CUS-1008,Pooja Nair,Indore,Madhya Pradesh,West,Samsung Galaxy S23 5G,Mobiles & Accessories,220996.6,4,-449.55,Cash on Delivery,Delivered
IND-2023-1254,2023-08-18,CUS-1001,Aarav Sharma,Ahmedabad,Gujarat,West,boAt Airdopes 141 Bluetooth Earbuds,Mobiles & Accessories,1104.15,1,173.86,Debit Card,Delivered
IND-2023-1255,2023-07-15,CUS-1021,Arjun Reddy,Chandigarh,Punjab,North,Puma Unisex Smashic Sneakers,Fashion,9196.0,4,-1379.4,Credit Card,Returned
IND-2023-1256,2023-04-22,CUS-1003,Rahul Verma,Bengaluru,Karnataka,South,Biotique Botanical Glow Skincare Combo,Beauty & Personal Care,1989.0,3,456.75,UPI,Delivered
IND-2023-1257,2023-01-02,CUS-1002,Priya Patel,Bengaluru,Karnataka,South,Spigen Armor Back Cover,Mobiles & Accessories,2397.0,3,750.0,Credit Card,Delivered
IND-2023-1258,2023-10-05,CUS-1002,Priya Patel,Bengaluru,Karnataka,South,boAt Airdopes 141 Bluetooth Earbuds,Mobiles & Accessories,3507.3,3,667.72,Debit Card,Delivered
IND-2023-1259,2023-06-03,CUS-1008,Pooja Nair,Ahmedabad,Gujarat,West,Spigen Armor Back Cover,Mobiles & Accessories,639.2,1,130.15,Credit Card,Delivered
IND-2023-1260,2023-02-02,CUS-1007,Vikram Malhotra,Bengaluru,Karnataka,South,boAt Airdopes 141 Bluetooth Earbuds,Mobiles & Accessories,3897.0,3,960.0,UPI,Delivered
IND-2023-1261,2023-09-09,CUS-1020,Shweta Tiwari,Bengaluru,Karnataka,South,SanDisk 128GB Ultra Dual Drive,Electronics,849.0,1,210.0,UPI,Delivered
IND-2023-1262,2023-02-27,CUS-1021,Arjun Reddy,Chennai,Tamil Nadu,South,Fastrack Analog Watch for Men,Fashion,1036.0,1,115.75,Cash on Delivery,Delivered
IND-2023-1263,2023-06-07,CUS-1004,Ananya Iyer,Bhubaneswar,Odisha,East,Peter England Formal Trousers,Fashion,1199.0,1,290.0,UPI,Shipped
IND-2023-1264,2023-12-18,CUS-1013,Amit Mishra,Kolkata,West Bengal,East,HP Pavilion 15 Core i5 Laptop,Electronics,43992.0,1,-6598.8,Credit Card,Returned
IND-2023-1265,2023-12-09,CUS-1005,Rohan Gupta,Delhi,Delhi,North,Fastrack Analog Watch for Men,Fashion,2590.0,2,620.0,Cash on Delivery,Delivered
IND-2023-1266,2023-01-14,CUS-1022,Tanvi Deshmukh,Chandigarh,Punjab,North,SanDisk 128GB Ultra Dual Drive,Electronics,721.65,1,114.49,Cash on Delivery,Delivered
IND-2023-1267,2023-12-10,CUS-1003,Rahul Verma,Mumbai,Maharashtra,West,Mi 10000mAh Power Bank 3i,Mobiles & Accessories,3237.3,3,510.22,Credit Card,Delivered
IND-2023-1268,2023-03-14,CUS-1022,Tanvi Deshmukh,Ahmedabad,Gujarat,West,Pigeon 4-Burner Glass Top Gas Stove,Home & Kitchen,3439.2,1,75.15,Credit Card,Delivered
IND-2023-1269,2023-04-25,CUS-1014,Sunita Das,Jaipur,Rajasthan,North,Wakefit Ergonomic Orthopedic Mattress,Home & Kitchen,12499.0,1,-1450.0,Cash on Delivery,Delivered
IND-2023-1270,2023-12-26,CUS-1025,Siddharth Sen,Hyderabad,Telangana,South,Milton Thermosteel Bottle 1000ml,Home & Kitchen,1701.0,2,278.25,UPI,Delivered
IND-2023-1271,2023-09-12,CUS-1014,Sunita Das,Hyderabad,Telangana,South,The Derma Co 10% Vitamin C Face Serum,Beauty & Personal Care,1849.65,3,586.99,Credit Card,Delivered
IND-2023-1272,2023-07-03,CUS-1019,Manish Agarwal,Kolkata,West Bengal,East,Noise ColorFit Pulse Smartwatch,Mobiles & Accessories,3058.3,2,355.23,Cash on Delivery,Shipped
IND-2023-1273,2023-02-18,CUS-1006,Sneha Mukherjee,Mumbai,Maharashtra,West,SanDisk 128GB Ultra Dual Drive,Electronics,764.1,1,-114.61,UPI,Returned
IND-2023-1274,2023-09-13,CUS-1011,Aditya Joshi,Chennai,Tamil Nadu,South,OnePlus 11R 5G (128GB),Mobiles & Accessories,63998.4,2,-2399.7,Credit Card,Delivered
IND-2023-1275,2023-12-19,CUS-1008,Pooja Nair,Bengaluru,Karnataka,South,Biotique Botanical Glow Skincare Combo,Beauty & Personal Care,2106.0,3,544.5,Credit Card,Delivered
IND-2023-1276,2023-12-29,CUS-1003,Rahul Verma,Pune,Maharashtra,West,Pigeon 4-Burner Glass Top Gas Stove,Home & Kitchen,17196.0,4,2880.0,UPI,Shipped
IND-2023-1277,2023-07-31,CUS-1024,Meera Nambiar,Pune,Maharashtra,West,Biotique Botanical Glow Skincare Combo,Beauty & Personal Care,3120.0,4,960.0,Cash on Delivery,Delivered
IND-2023-1278,2023-10-18,CUS-1020,Shweta Tiwari,Bhubaneswar,Odisha,East,Logitech Wireless Keyboard & Mouse,Electronics,1495.0,1,350.0,Cash on Delivery,Delivered
IND-2023-1279,2023-08-17,CUS-1022,Tanvi Deshmukh,Chandigarh,Punjab,North,Allen Solly Casual Cotton Shirt,Fashion,3597.6,3,465.45,Debit Card,Shipped
IND-2023-1280,2023-10-18,CUS-1016,Ritu Mehta,Chennai,Tamil Nadu,South,Allen Solly Casual Cotton Shirt,Fashion,1349.1,1,267.57,Credit Card,Delivered
IND-2023-1281,2023-05-08,CUS-1014,Sunita Das,Ahmedabad,Gujarat,West,Puma Unisex Smashic Sneakers,Fashion,3908.3,2,-877.27,UPI,Delivered
IND-2023-1282,2023-11-17,CUS-1025,Siddharth Sen,Indore,Madhya Pradesh,West,Peter England Formal Trousers,Fashion,1079.1,1,200.07,UPI,Delivered
IND-2023-1283,2023-05-28,CUS-1023,Gaurav Bansal,Kochi,Kerala,South,Wakefit Ergonomic Orthopedic Mattress,Home & Kitchen,37497.0,3,-4350.0,UPI,Processing
IND-2023-1284,2023-08-12,CUS-1011,Aditya Joshi,Pune,Maharashtra,West,Redmi Note 12 Pro 5G,Mobiles & Accessories,70396.8,4,-3599.4,UPI,Shipped
IND-2023-1285,2023-02-14,CUS-1017,Deepak Chopra,Chandigarh,Punjab,North,Mi 10000mAh Power Bank 3i,Mobiles & Accessories,2038.3,2,250.23,Cash on Delivery,Delivered
IND-2023-1286,2023-05-14,CUS-1024,Meera Nambiar,Kolkata,West Bengal,East,HP Pavilion 15 Core i5 Laptop,Electronics,175968.0,4,0.0,Credit Card,Cancelled
IND-2023-1287,2023-02-18,CUS-1013,Amit Mishra,Pune,Maharashtra,West,Pigeon 4-Burner Glass Top Gas Stove,Home & Kitchen,4299.0,1,720.0,UPI,Delivered
IND-2023-1288,2023-01-14,CUS-1021,Arjun Reddy,Patna,Bihar,East,Wakefit Ergonomic Orthopedic Mattress,Home & Kitchen,29997.6,3,-4499.64,Debit Card,Returned
IND-2023-1289,2023-02-14,CUS-1012,Kavita Rao,Indore,Madhya Pradesh,West,Samsung Galaxy S23 5G,Mobiles & Accessories,55249.15,1,-112.39,UPI,Delivered
IND-2023-1290,2023-02-27,CUS-1015,Karan Kapoor,Kolkata,West Bengal,East,Biba Women Printed Anarkali Kurta,Fashion,5397.3,3,1110.22,UPI,Delivered
IND-2023-1291,2023-05-18,CUS-1001,Aarav Sharma,Patna,Bihar,East,Mi 10000mAh Power Bank 3i,Mobiles & Accessories,2038.3,2,250.23,UPI,Delivered
IND-2023-1292,2023-12-06,CUS-1010,Neha Singh,Pune,Maharashtra,West,HP Pavilion 15 Core i5 Laptop,Electronics,98982.0,2,0.0,Debit Card,Cancelled
IND-2023-1293,2023-06-08,CUS-1019,Manish Agarwal,Patna,Bihar,East,Wakefit Ergonomic Orthopedic Mattress,Home & Kitchen,24998.0,2,-2900.0,UPI,Delivered
IND-2023-1294,2023-11-08,CUS-1023,Gaurav Bansal,Bengaluru,Karnataka,South,OnePlus 11R 5G (128GB),Mobiles & Accessories,75998.1,2,6600.07,Cash on Delivery,Delivered
IND-2023-1295,2023-01-14,CUS-1021,Arjun Reddy,Delhi,Delhi,North,OnePlus 11R 5G (128GB),Mobiles & Accessories,151996.2,4,13200.15,UPI,Delivered
IND-2023-1296,2023-05-10,CUS-1023,Gaurav Bansal,Kochi,Kerala,South,Levi's Men Slim Fit Denim Jeans,Fashion,5997.6,3,825.45,Debit Card,Shipped
IND-2023-1297,2023-11-23,CUS-1008,Pooja Nair,Lucknow,Uttar Pradesh,North,Wakefit Ergonomic Orthopedic Mattress,Home & Kitchen,11249.1,1,-2387.43,Credit Card,Delivered
IND-2023-1298,2023-04-07,CUS-1001,Aarav Sharma,Chennai,Tamil Nadu,South,boAt Airdopes 141 Bluetooth Earbuds,Mobiles & Accessories,5196.0,4,1280.0,Cash on Delivery,Shipped
IND-2023-1299,2023-10-23,CUS-1025,Siddharth Sen,Chandigarh,Punjab,North,Sony Bravia 43-inch 4K LED TV,Electronics,124768.0,4,-6994.0,Debit Card,Delivered
IND-2023-1300,2023-07-29,CUS-1017,Deepak Chopra,Mumbai,Maharashtra,West,Mamaearth Onion Hair Fall Control Oil 250ml,Beauty & Personal Care,1896.2,4,565.15,Cash on Delivery,Delivered
IND-2023-1301,2023-08-22,CUS-1010,Neha Singh,Lucknow,Uttar Pradesh,North,Levi's Men Slim Fit Denim Jeans,Fashion,9996.0,4,2600.0,UPI,Delivered
IND-2023-1302,2023-10-21,CUS-1001,Aarav Sharma,Delhi,Delhi,North,Hawkins Futura Hard Anodised Kadai,Home & Kitchen,3700.0,2,-555.0,UPI,Returned
IND-2023-1303,2023-08-01,CUS-1025,Siddharth Sen,Hyderabad,Telangana,South,Spigen Armor Back Cover,Mobiles & Accessories,679.15,1,160.11,UPI,Processing
IND-2023-1304,2023-05-28,CUS-1001,Aarav Sharma,Patna,Bihar,East,Wakefit Ergonomic Orthopedic Mattress,Home & Kitchen,31872.45,3,-8568.41,Cash on Delivery,Delivered
IND-2023-1305,2023-08-01,CUS-1003,Rahul Verma,Jaipur,Rajasthan,North,Philips Air Fryer HD9200,Home & Kitchen,25996.0,4,3800.0,UPI,Delivered
IND-2023-1306,2023-02-22,CUS-1004,Ananya Iyer,Bhubaneswar,Odisha,East,Hawkins Futura Hard Anodised Kadai,Home & Kitchen,1480.0,1,62.5,UPI,Delivered
IND-2023-1307,2023-10-15,CUS-1005,Rohan Gupta,Bhubaneswar,Odisha,East,Peter England Formal Trousers,Fashion,1199.0,1,290.0,Cash on Delivery,Delivered
IND-2023-1308,2023-06-14,CUS-1002,Priya Patel,Chandigarh,Punjab,North,Levi's Men Slim Fit Denim Jeans,Fashion,8496.6,4,1475.45,UPI,Delivered
IND-2023-1309,2023-02-26,CUS-1010,Neha Singh,Kolkata,West Bengal,East,Allen Solly Casual Cotton Shirt,Fashion,5396.4,4,1070.3,Credit Card,Delivered
IND-2023-1310,2023-03-14,CUS-1016,Ritu Mehta,Indore,Madhya Pradesh,West,Philips Air Fryer HD9200,Home & Kitchen,10398.4,2,-49.7,Credit Card,Delivered
IND-2023-1311,2023-04-28,CUS-1003,Rahul Verma,Ahmedabad,Gujarat,West,Allen Solly Casual Cotton Shirt,Fashion,3822.45,3,-573.37,UPI,Returned
IND-2023-1312,2023-05-09,CUS-1009,Rajesh Kumar,Patna,Bihar,East,Noise ColorFit Pulse Smartwatch,Mobiles & Accessories,3418.1,2,625.08,UPI,Delivered
IND-2023-1313,2023-05-10,CUS-1019,Manish Agarwal,Patna,Bihar,East,Allen Solly Casual Cotton Shirt,Fashion,4497.0,3,0.0,Cash on Delivery,Cancelled
IND-2023-1314,2023-11-18,CUS-1005,Rohan Gupta,Patna,Bihar,East,Mamaearth Onion Hair Fall Control Oil 250ml,Beauty & Personal Care,998.0,2,320.0,Debit Card,Delivered
IND-2023-1315,2023-09-29,CUS-1002,Priya Patel,Delhi,Delhi,North,Puma Unisex Smashic Sneakers,Fashion,2184.05,1,-266.21,Credit Card,Delivered
IND-2023-1316,2023-12-26,CUS-1012,Kavita Rao,Bengaluru,Karnataka,South,Wakefit Ergonomic Orthopedic Mattress,Home & Kitchen,19998.4,2,-6649.7,UPI,Delivered
IND-2023-1317,2023-12-02,CUS-1002,Priya Patel,Chennai,Tamil Nadu,South,Fastrack Analog Watch for Men,Fashion,5180.0,4,1240.0,UPI,Processing
IND-2023-1318,2023-05-14,CUS-1004,Ananya Iyer,Bhubaneswar,Odisha,East,Philips Air Fryer HD9200,Home & Kitchen,23396.4,4,1850.3,Debit Card,Delivered
IND-2023-1319,2023-09-10,CUS-1009,Rajesh Kumar,Mumbai,Maharashtra,West,Lavie Women Handbag,Fashion,5370.0,3,1170.0,UPI,Delivered
IND-2023-1320,2023-11-27,CUS-1023,Gaurav Bansal,Ahmedabad,Gujarat,West,Philips Electric Beard Trimmer Series 3000,Beauty & Personal Care,5096.6,4,-764.49,UPI,Returned
IND-2023-1321,2023-01-23,CUS-1021,Arjun Reddy,Pune,Maharashtra,West,The Derma Co 10% Vitamin C Face Serum,Beauty & Personal Care,1298.0,2,-194.7,UPI,Returned
IND-2023-1322,2023-01-30,CUS-1006,Sneha Mukherjee,Kolkata,West Bengal,East,JBL Flip 6 Portable Bluetooth Speaker,Electronics,21597.6,3,-449.55,Debit Card,Delivered
IND-2023-1323,2023-08-02,CUS-1001,Aarav Sharma,Bhubaneswar,Odisha,East,Philips Air Fryer HD9200,Home & Kitchen,12348.1,2,1412.57,Debit Card,Processing
IND-2023-1324,2023-12-19,CUS-1022,Tanvi Deshmukh,Delhi,Delhi,North,Puma Unisex Smashic Sneakers,Fashion,6897.0,3,-540.0,Debit Card,Processing
IND-2023-1325,2023-03-31,CUS-1020,Shweta Tiwari,Bhubaneswar,Odisha,East,Noise ColorFit Pulse Smartwatch,Mobiles & Accessories,1799.0,1,380.0,UPI,Delivered
IND-2023-1326,2023-03-03,CUS-1005,Rohan Gupta,Bengaluru,Karnataka,South,Mamaearth Onion Hair Fall Control Oil 250ml,Beauty & Personal Care,1596.8,4,340.6,Debit Card,Delivered
IND-2023-1327,2023-04-11,CUS-1015,Karan Kapoor,Patna,Bihar,East,The Derma Co 10% Vitamin C Face Serum,Beauty & Personal Care,616.55,1,-92.48,Debit Card,Returned
IND-2023-1328,2023-08-23,CUS-1024,Meera Nambiar,Kolkata,West Bengal,East,Canon EOS 1500D DSLR Camera,Electronics,41990.0,1,-6298.5,UPI,Returned
IND-2023-1329,2023-09-29,CUS-1013,Amit Mishra,Indore,Madhya Pradesh,West,JBL Flip 6 Portable Bluetooth Speaker,Electronics,17998.0,2,2400.0,UPI,Delivered
IND-2023-1330,2023-02-12,CUS-1004,Ananya Iyer,Ahmedabad,Gujarat,West,HP Pavilion 15 Core i5 Laptop,Electronics,52240.5,1,3737.88,Cash on Delivery,Delivered
IND-2023-1331,2023-02-01,CUS-1018,Divya Pillai,Patna,Bihar,East,SanDisk 128GB Ultra Dual Drive,Electronics,2547.0,3,630.0,Net Banking,Delivered
IND-2023-1332,2023-06-07,CUS-1012,Kavita Rao,Lucknow,Uttar Pradesh,North,The Derma Co 10% Vitamin C Face Serum,Beauty & Personal Care,649.0,1,220.0,Debit Card,Delivered
IND-2023-1333,2023-11-13,CUS-1004,Ananya Iyer,Hyderabad,Telangana,South,boAt Airdopes 141 Bluetooth Earbuds,Mobiles & Accessories,2208.3,2,0.0,UPI,Cancelled
IND-2023-1334,2023-02-04,CUS-1009,Rajesh Kumar,Kolkata,West Bengal,East,Logitech Wireless Keyboard & Mouse,Electronics,1196.0,1,125.75,UPI,Delivered
IND-2023-1335,2023-10-22,CUS-1018,Divya Pillai,Ahmedabad,Gujarat,West,Canon EOS 1500D DSLR Camera,Electronics,41990.0,1,4500.0,Credit Card,Shipped
IND-2023-1336,2023-09-09,CUS-1003,Rahul Verma,Patna,Bihar,East,Biba Women Printed Anarkali Kurta,Fashion,5697.15,3,1335.11,UPI,Processing
IND-2023-1337,2023-05-03,CUS-1022,Tanvi Deshmukh,Ahmedabad,Gujarat,West,OnePlus 11R 5G (128GB),Mobiles & Accessories,159996.0,4,19200.0,Cash on Delivery,Delivered
IND-2023-1338,2023-02-02,CUS-1022,Tanvi Deshmukh,Patna,Bihar,East,Canon EOS 1500D DSLR Camera,Electronics,119671.5,3,8776.12,Net Banking,Delivered
IND-2023-1339,2023-05-08,CUS-1010,Neha Singh,Lucknow,Uttar Pradesh,North,Sony Bravia 43-inch 4K LED TV,Electronics,116970.0,3,12300.0,UPI,Processing
IND-2023-1340,2023-07-21,CUS-1011,Aditya Joshi,Mumbai,Maharashtra,West,Mamaearth Onion Hair Fall Control Oil 250ml,Beauty & Personal Care,1996.0,4,640.0,UPI,Delivered
IND-2023-1341,2023-01-12,CUS-1006,Sneha Mukherjee,Kochi,Kerala,South,Redmi Note 12 Pro 5G,Mobiles & Accessories,56097.45,3,-224.66,UPI,Delivered
IND-2023-1342,2023-06-16,CUS-1021,Arjun Reddy,Hyderabad,Telangana,South,Milton Thermosteel Bottle 1000ml,Home & Kitchen,756.0,1,68.25,Net Banking,Shipped
IND-2023-1343,2023-10-12,CUS-1003,Rahul Verma,Indore,Madhya Pradesh,West,Milton Thermosteel Bottle 1000ml,Home & Kitchen,3213.0,4,414.75,Debit Card,Delivered
IND-2023-1344,2023-02-17,CUS-1014,Sunita Das,Kolkata,West Bengal,East,Spigen Armor Back Cover,Mobiles & Accessories,719.1,1,190.07,Credit Card,Shipped
IND-2023-1345,2023-06-05,CUS-1005,Rohan Gupta,Chennai,Tamil Nadu,South,boAt Airdopes 141 Bluetooth Earbuds,Mobiles & Accessories,1169.1,1,222.57,UPI,Delivered
IND-2023-1346,2023-10-17,CUS-1001,Aarav Sharma,Kolkata,West Bengal,East,Peter England Formal Trousers,Fashion,4076.6,4,620.45,UPI,Delivered
IND-2023-1347,2023-12-30,CUS-1008,Pooja Nair,Chandigarh,Punjab,North,Pigeon 4-Burner Glass Top Gas Stove,Home & Kitchen,17196.0,4,2880.0,Credit Card,Delivered
IND-2023-1348,2023-07-14,CUS-1004,Ananya Iyer,Lucknow,Uttar Pradesh,North,Solimo Water Repellent Polyester Curtains (Set of 2),Home & Kitchen,764.15,1,-221.14,UPI,Delivered
IND-2023-1349,2023-12-29,CUS-1014,Sunita Das,Bhubaneswar,Odisha,East,Milton Thermosteel Bottle 1000ml,Home & Kitchen,756.0,1,68.25,Cash on Delivery,Delivered
IND-2023-1350,2023-11-27,CUS-1001,Aarav Sharma,Ahmedabad,Gujarat,West,Milton Thermosteel Bottle 1000ml,Home & Kitchen,2268.0,3,204.75,UPI,Delivered
IND-2023-1351,2023-10-12,CUS-1018,Divya Pillai,Mumbai,Maharashtra,West,Prestige Iris 750W Mixer Grinder,Home & Kitchen,6398.0,2,1100.0,UPI,Delivered
IND-2023-1352,2023-11-21,CUS-1002,Priya Patel,Chandigarh,Punjab,North,JBL Flip 6 Portable Bluetooth Speaker,Electronics,26997.0,3,3600.0,Credit Card,Delivered
IND-2023-1353,2023-02-06,CUS-1007,Vikram Malhotra,Chandigarh,Punjab,North,Mamaearth Onion Hair Fall Control Oil 250ml,Beauty & Personal Care,474.05,1,141.29,UPI,Delivered
IND-2023-1354,2023-11-08,CUS-1004,Ananya Iyer,Kolkata,West Bengal,East,Canon EOS 1500D DSLR Camera,Electronics,33592.0,1,-1798.5,UPI,Delivered
IND-2023-1355,2023-12-01,CUS-1011,Aditya Joshi,Ahmedabad,Gujarat,West,Mamaearth Onion Hair Fall Control Oil 250ml,Beauty & Personal Care,998.0,2,320.0,Debit Card,Delivered
IND-2023-1356,2023-12-06,CUS-1019,Manish Agarwal,Delhi,Delhi,North,Puma Unisex Smashic Sneakers,Fashion,4368.1,2,-532.42,Net Banking,Shipped
IND-2023-1357,2023-06-19,CUS-1007,Vikram Malhotra,Bengaluru,Karnataka,South,Mamaearth Onion Hair Fall Control Oil 250ml,Beauty & Personal Care,499.0,1,160.0,Debit Card,Delivered
IND-2023-1358,2023-01-15,CUS-1005,Rohan Gupta,Indore,Madhya Pradesh,West,Canon EOS 1500D DSLR Camera,Electronics,119671.5,3,8776.12,UPI,Delivered
IND-2023-1359,2023-03-28,CUS-1017,Deepak Chopra,Kolkata,West Bengal,East,Redmi Note 12 Pro 5G,Mobiles & Accessories,18699.15,1,-74.89,UPI,Processing
IND-2023-1360,2023-09-02,CUS-1017,Deepak Chopra,Delhi,Delhi,North,Spigen Armor Back Cover,Mobiles & Accessories,1917.6,3,390.45,UPI,Delivered
IND-2023-1361,2023-05-25,CUS-1014,Sunita Das,Mumbai,Maharashtra,West,Fastrack Analog Watch for Men,Fashion,2590.0,2,620.0,Credit Card,Delivered
IND-2023-1362,2023-09-08,CUS-1017,Deepak Chopra,Bhubaneswar,Odisha,East,JBL Flip 6 Portable Bluetooth Speaker,Electronics,28796.8,4,-599.4,UPI,Delivered
IND-2023-1363,2023-08-30,CUS-1004,Ananya Iyer,Lucknow,Uttar Pradesh,North,Wakefit Ergonomic Orthopedic Mattress,Home & Kitchen,12499.0,1,-1450.0,UPI,Delivered
IND-2023-1364,2023-11-21,CUS-1022,Tanvi Deshmukh,Lucknow,Uttar Pradesh,North,Spigen Armor Back Cover,Mobiles & Accessories,2397.0,3,750.0,Credit Card,Delivered
IND-2023-1365,2023-08-19,CUS-1009,Rajesh Kumar,Jaipur,Rajasthan,North,boAt Airdopes 141 Bluetooth Earbuds,Mobiles & Accessories,5196.0,4,1280.0,Credit Card,Delivered
IND-2023-1366,2023-06-27,CUS-1011,Aditya Joshi,Jaipur,Rajasthan,North,Fastrack Analog Watch for Men,Fashion,4403.0,4,657.25,UPI,Delivered
IND-2023-1367,2023-08-30,CUS-1019,Manish Agarwal,Pune,Maharashtra,West,Samsung Galaxy S23 5G,Mobiles & Accessories,103998.4,2,-5099.7,Credit Card,Delivered
IND-2023-1368,2023-11-01,CUS-1025,Siddharth Sen,Lucknow,Uttar Pradesh,North,Wakefit Ergonomic Orthopedic Mattress,Home & Kitchen,24998.0,2,0.0,Credit Card,Cancelled
IND-2023-1369,2023-04-06,CUS-1003,Rahul Verma,Hyderabad,Telangana,South,Wakefit Ergonomic Orthopedic Mattress,Home & Kitchen,11249.1,1,-2387.43,Credit Card,Delivered
IND-2023-1370,2023-06-20,CUS-1023,Gaurav Bansal,Indore,Madhya Pradesh,West,Levi's Men Slim Fit Denim Jeans,Fashion,7996.8,4,1100.6,Credit Card,Delivered
IND-2023-1371,2023-02-13,CUS-1025,Siddharth Sen,Indore,Madhya Pradesh,West,The Derma Co 10% Vitamin C Face Serum,Beauty & Personal Care,1947.0,3,660.0,UPI,Delivered
IND-2023-1372,2023-03-05,CUS-1024,Meera Nambiar,Patna,Bihar,East,OnePlus 11R 5G (128GB),Mobiles & Accessories,79998.0,2,9600.0,Cash on Delivery,Shipped
IND-2023-1373,2023-02-14,CUS-1020,Shweta Tiwari,Pune,Maharashtra,West,Hawkins Futura Hard Anodised Kadai,Home & Kitchen,5550.0,3,1020.0,Cash on Delivery,Delivered
IND-2023-1374,2023-01-30,CUS-1011,Aditya Joshi,Pune,Maharashtra,West,Allen Solly Casual Cotton Shirt,Fashion,2548.3,2,422.73,UPI,Delivered
IND-2023-1375,2023-02-03,CUS-1006,Sneha Mukherjee,Bengaluru,Karnataka,South,Spigen Armor Back Cover,Mobiles & Accessories,719.1,1,190.07,UPI,Delivered
IND-2023-1376,2023-03-07,CUS-1014,Sunita Das,Kolkata,West Bengal,East,Allen Solly Casual Cotton Shirt,Fashion,5996.0,4,1520.0,Debit Card,Shipped
IND-2023-1377,2023-12-22,CUS-1018,Divya Pillai,Kolkata,West Bengal,East,OnePlus 11R 5G (128GB),Mobiles & Accessories,67998.3,2,600.23,UPI,Delivered
IND-2023-1378,2023-11-01,CUS-1012,Kavita Rao,Lucknow,Uttar Pradesh,North,Milton Thermosteel Bottle 1000ml,Home & Kitchen,1606.5,2,207.38,Debit Card,Delivered
IND-2023-1379,2023-10-08,CUS-1007,Vikram Malhotra,Hyderabad,Telangana,South,Mamaearth Onion Hair Fall Control Oil 250ml,Beauty & Personal Care,1996.0,4,640.0,UPI,Delivered
IND-2023-1380,2023-05-20,CUS-1005,Rohan Gupta,Kolkata,West Bengal,East,Redmi Note 12 Pro 5G,Mobiles & Accessories,21999.0,1,2400.0,Cash on Delivery,Delivered
IND-2023-1381,2023-03-26,CUS-1024,Meera Nambiar,Hyderabad,Telangana,South,Solimo Water Repellent Polyester Curtains (Set of 2),Home & Kitchen,2427.3,3,-562.27,UPI,Delivered
IND-2023-1382,2023-02-19,CUS-1016,Ritu Mehta,Patna,Bihar,East,Logitech Wireless Keyboard & Mouse,Electronics,1345.5,1,237.88,Cash on Delivery,Delivered
IND-2023-1383,2023-12-09,CUS-1011,Aditya Joshi,Chennai,Tamil Nadu,South,boAt Airdopes 141 Bluetooth Earbuds,Mobiles & Accessories,3312.45,3,521.59,Credit Card,Delivered
IND-2023-1384,2023-04-07,CUS-1019,Manish Agarwal,Mumbai,Maharashtra,West,Canon EOS 1500D DSLR Camera,Electronics,79781.0,2,5850.75,Credit Card,Delivered
IND-2023-1385,2023-10-28,CUS-1009,Rajesh Kumar,Chandigarh,Punjab,North,Logitech Wireless Keyboard & Mouse,Electronics,5382.0,4,-807.3,UPI,Returned
IND-2023-1386,2023-12-26,CUS-1003,Rahul Verma,Patna,Bihar,East,Pigeon 4-Burner Glass Top Gas Stove,Home & Kitchen,17196.0,4,2880.0,UPI,Delivered
IND-2023-1387,2023-04-10,CUS-1019,Manish Agarwal,Mumbai,Maharashtra,West,Wakefit Ergonomic Orthopedic Mattress,Home & Kitchen,11249.1,1,-2387.43,Cash on Delivery,Processing
IND-2023-1388,2023-02-19,CUS-1003,Rahul Verma,Chennai,Tamil Nadu,South,Redmi Note 12 Pro 5G,Mobiles & Accessories,18699.15,1,-74.89,Net Banking,Delivered
IND-2023-1389,2023-08-25,CUS-1018,Divya Pillai,Kolkata,West Bengal,East,boAt Airdopes 141 Bluetooth Earbuds,Mobiles & Accessories,3312.45,3,521.59,UPI,Delivered
IND-2023-1390,2023-04-10,CUS-1018,Divya Pillai,Pune,Maharashtra,West,OnePlus 11R 5G (128GB),Mobiles & Accessories,151996.2,4,13200.15,Cash on Delivery,Delivered
IND-2023-1391,2023-07-23,CUS-1014,Sunita Das,Kolkata,West Bengal,East,Canon EOS 1500D DSLR Camera,Electronics,142766.0,4,-895.5,Net Banking,Delivered
IND-2023-1392,2023-04-09,CUS-1012,Kavita Rao,Kolkata,West Bengal,East,Biba Women Printed Anarkali Kurta,Fashion,6796.6,4,1180.45,Cash on Delivery,Delivered
IND-2023-1393,2023-01-02,CUS-1016,Ritu Mehta,Pune,Maharashtra,West,Levi's Men Slim Fit Denim Jeans,Fashion,6372.45,3,1106.59,UPI,Delivered
IND-2023-1394,2023-01-25,CUS-1001,Aarav Sharma,Bhubaneswar,Odisha,East,Allen Solly Casual Cotton Shirt,Fashion,4272.15,3,971.36,Credit Card,Delivered
IND-2023-1395,2023-09-15,CUS-1021,Arjun Reddy,Lucknow,Uttar Pradesh,North,Samsung Galaxy S23 5G,Mobiles & Accessories,259996.0,4,28800.0,Credit Card,Delivered
IND-2023-1396,2023-04-20,CUS-1002,Priya Patel,Lucknow,Uttar Pradesh,North,Pigeon 4-Burner Glass Top Gas Stove,Home & Kitchen,12252.15,3,1676.36,Credit Card,Processing
IND-2023-1397,2023-06-18,CUS-1014,Sunita Das,Indore,Madhya Pradesh,West,Peter England Formal Trousers,Fashion,3237.3,3,600.22,UPI,Delivered
IND-2023-1398,2023-02-26,CUS-1020,Shweta Tiwari,Patna,Bihar,East,Philips Electric Beard Trimmer Series 3000,Beauty & Personal Care,5696.2,4,1215.15,Cash on Delivery,Delivered
IND-2023-1399,2023-08-31,CUS-1006,Sneha Mukherjee,Chandigarh,Punjab,North,SanDisk 128GB Ultra Dual Drive,Electronics,2547.0,3,630.0,Cash on Delivery,Delivered
IND-2023-1400,2023-05-19,CUS-1022,Tanvi Deshmukh,Chandigarh,Punjab,North,Puma Unisex Smashic Sneakers,Fashion,5517.6,3,-1574.55,Debit Card,Processing
IND-2023-1401,2023-03-25,CUS-1022,Tanvi Deshmukh,Bhubaneswar,Odisha,East,Mi 10000mAh Power Bank 3i,Mobiles & Accessories,1139.05,1,215.04,Credit Card,Delivered
IND-2023-1402,2023-06-19,CUS-1022,Tanvi Deshmukh,Bhubaneswar,Odisha,East,Redmi Note 12 Pro 5G,Mobiles & Accessories,41798.1,2,3150.07,Cash on Delivery,Delivered
IND-2023-1403,2023-08-04,CUS-1004,Ananya Iyer,Patna,Bihar,East,Fastrack Analog Watch for Men,Fashion,5180.0,4,1240.0,Cash on Delivery,Delivered
IND-2023-1404,2023-01-29,CUS-1013,Amit Mishra,Bengaluru,Karnataka,South,boAt Airdopes 141 Bluetooth Earbuds,Mobiles & Accessories,1299.0,1,320.0,Net Banking,Delivered
IND-2023-1405,2023-10-17,CUS-1019,Manish Agarwal,Jaipur,Rajasthan,North,Fastrack Analog Watch for Men,Fashion,4403.0,4,-660.45,Net Banking,Returned
IND-2023-1406,2023-06-21,CUS-1015,Karan Kapoor,Kolkata,West Bengal,East,HP Pavilion 15 Core i5 Laptop,Electronics,164970.0,3,17400.0,UPI,Delivered
IND-2023-1407,2023-07-19,CUS-1025,Siddharth Sen,Kolkata,West Bengal,East,Lakme Absolute Matte Melt Liquid Lip Color,Beauty & Personal Care,472.5,1,135.62,UPI,Delivered
IND-2023-1408,2023-06-01,CUS-1020,Shweta Tiwari,Mumbai,Maharashtra,West,Redmi Note 12 Pro 5G,Mobiles & Accessories,70396.8,4,-3599.4,UPI,Delivered
IND-2023-1409,2023-07-08,CUS-1010,Neha Singh,Kolkata,West Bengal,East,SanDisk 128GB Ultra Dual Drive,Electronics,1698.0,2,420.0,UPI,Delivered
IND-2023-1410,2023-12-19,CUS-1008,Pooja Nair,Jaipur,Rajasthan,North,Mamaearth Onion Hair Fall Control Oil 250ml,Beauty & Personal Care,499.0,1,160.0,Net Banking,Processing
IND-2023-1411,2023-08-14,CUS-1024,Meera Nambiar,Chennai,Tamil Nadu,South,Mi 10000mAh Power Bank 3i,Mobiles & Accessories,2158.2,2,340.15,Credit Card,Shipped
IND-2023-1412,2023-12-10,CUS-1015,Karan Kapoor,Mumbai,Maharashtra,West,OnePlus 11R 5G (128GB),Mobiles & Accessories,143996.4,4,0.0,Credit Card,Cancelled
IND-2023-1413,2023-06-01,CUS-1020,Shweta Tiwari,Delhi,Delhi,North,Puma Unisex Smashic Sneakers,Fashion,9196.0,4,-720.0,UPI,Delivered
IND-2023-1414,2023-07-17,CUS-1006,Sneha Mukherjee,Mumbai,Maharashtra,West,Biba Women Printed Anarkali Kurta,Fashion,6396.8,4,880.6,UPI,Delivered
IND-2023-1415,2023-12-16,CUS-1018,Divya Pillai,Delhi,Delhi,North,Lavie Women Handbag,Fashion,3222.0,2,511.5,UPI,Delivered
IND-2023-1416,2023-05-24,CUS-1006,Sneha Mukherjee,Kolkata,West Bengal,East,OnePlus 11R 5G (128GB),Mobiles & Accessories,95997.6,3,-3599.55,Credit Card,Delivered
IND-2023-1417,2023-03-09,CUS-1002,Priya Patel,Mumbai,Maharashtra,West,SanDisk 128GB Ultra Dual Drive,Electronics,3396.0,4,840.0,UPI,Processing
IND-2023-1418,2023-10-26,CUS-1002,Priya Patel,Lucknow,Uttar Pradesh,North,The Derma Co 10% Vitamin C Face Serum,Beauty & Personal Care,649.0,1,220.0,UPI,Delivered
IND-2023-1419,2023-11-25,CUS-1001,Aarav Sharma,Bengaluru,Karnataka,South,Noise ColorFit Pulse Smartwatch,Mobiles & Accessories,6836.2,4,1250.15,UPI,Delivered
IND-2023-1420,2023-11-11,CUS-1009,Rajesh Kumar,Bengaluru,Karnataka,South,Spigen Armor Back Cover,Mobiles & Accessories,2157.3,3,570.23,Net Banking,Delivered
IND-2023-1421,2023-06-10,CUS-1014,Sunita Das,Bhubaneswar,Odisha,East,Milton Thermosteel Bottle 1000ml,Home & Kitchen,897.75,1,174.56,Cash on Delivery,Delivered
IND-2023-1422,2023-01-17,CUS-1020,Shweta Tiwari,Delhi,Delhi,North,Puma Unisex Smashic Sneakers,Fashion,2299.0,1,-180.0,Credit Card,Delivered
IND-2023-1423,2023-10-09,CUS-1001,Aarav Sharma,Bhubaneswar,Odisha,East,boAt Airdopes 141 Bluetooth Earbuds,Mobiles & Accessories,1039.2,1,125.15,Credit Card,Delivered
IND-2023-1424,2023-11-09,CUS-1023,Gaurav Bansal,Bhubaneswar,Odisha,East,Spigen Armor Back Cover,Mobiles & Accessories,2277.15,3,660.11,Debit Card,Processing
IND-2023-1425,2023-10-22,CUS-1023,Gaurav Bansal,Jaipur,Rajasthan,North,Peter England Formal Trousers,Fashion,2158.2,2,400.15,UPI,Delivered
IND-2023-1426,2023-04-11,CUS-1013,Amit Mishra,Chandigarh,Punjab,North,Spigen Armor Back Cover,Mobiles & Accessories,3196.0,4,1000.0,Cash on Delivery,Delivered
IND-2023-1427,2023-03-07,CUS-1019,Manish Agarwal,Bengaluru,Karnataka,South,Hawkins Futura Hard Anodised Kadai,Home & Kitchen,1480.0,1,62.5,Cash on Delivery,Delivered
IND-2023-1428,2023-03-18,CUS-1024,Meera Nambiar,Bhubaneswar,Odisha,East,Philips Air Fryer HD9200,Home & Kitchen,25996.0,4,3800.0,UPI,Delivered
IND-2023-1429,2023-02-20,CUS-1012,Kavita Rao,Hyderabad,Telangana,South,Puma Unisex Smashic Sneakers,Fashion,4138.2,2,-704.85,Cash on Delivery,Delivered
IND-2023-1430,2023-07-10,CUS-1020,Shweta Tiwari,Chandigarh,Punjab,North,Redmi Note 12 Pro 5G,Mobiles & Accessories,87996.0,4,9600.0,UPI,Delivered
IND-2023-1431,2023-10-18,CUS-1002,Priya Patel,Chandigarh,Punjab,North,Prestige Iris 750W Mixer Grinder,Home & Kitchen,7677.6,3,210.45,UPI,Delivered
IND-2023-1432,2023-03-14,CUS-1010,Neha Singh,Lucknow,Uttar Pradesh,North,Noise ColorFit Pulse Smartwatch,Mobiles & Accessories,1709.05,1,312.54,Cash on Delivery,Delivered
IND-2023-1433,2023-12-01,CUS-1016,Ritu Mehta,Delhi,Delhi,North,Redmi Note 12 Pro 5G,Mobiles & Accessories,70396.8,4,-3599.4,Cash on Delivery,Delivered
IND-2023-1434,2023-10-27,CUS-1015,Karan Kapoor,Pune,Maharashtra,West,Wakefit Ergonomic Orthopedic Mattress,Home & Kitchen,9999.2,1,-3324.85,Debit Card,Delivered
IND-2023-1435,2023-12-30,CUS-1003,Rahul Verma,Patna,Bihar,East,Sony Bravia 43-inch 4K LED TV,Electronics,124768.0,4,-6994.0,Cash on Delivery,Delivered
IND-2023-1436,2023-05-03,CUS-1008,Pooja Nair,Kolkata,West Bengal,East,JBL Flip 6 Portable Bluetooth Speaker,Electronics,25647.15,3,2587.61,Debit Card,Delivered
IND-2023-1437,2023-11-29,CUS-1020,Shweta Tiwari,Bengaluru,Karnataka,South,Milton Thermosteel Bottle 1000ml,Home & Kitchen,1890.0,2,420.0,UPI,Shipped
IND-2023-1438,2023-06-06,CUS-1022,Tanvi Deshmukh,Delhi,Delhi,North,Canon EOS 1500D DSLR Camera,Electronics,151164.0,4,5403.0,Debit Card,Delivered
IND-2023-1439,2023-03-15,CUS-1020,Shweta Tiwari,Delhi,Delhi,North,Solimo Water Repellent Polyester Curtains (Set of 2),Home & Kitchen,764.15,1,-221.14,UPI,Delivered
IND-2023-1440,2023-07-08,CUS-1004,Ananya Iyer,Bhubaneswar,Odisha,East,Philips Electric Beard Trimmer Series 3000,Beauty & Personal Care,4047.3,3,742.72,UPI,Delivered
IND-2023-1441,2023-12-29,CUS-1020,Shweta Tiwari,Lucknow,Uttar Pradesh,North,HP Pavilion 15 Core i5 Laptop,Electronics,156721.5,3,11213.62,UPI,Delivered
IND-2023-1442,2023-09-21,CUS-1001,Aarav Sharma,Pune,Maharashtra,West,JBL Flip 6 Portable Bluetooth Speaker,Electronics,8549.05,1,862.54,UPI,Processing
IND-2023-1443,2023-06-20,CUS-1004,Ananya Iyer,Delhi,Delhi,North,Philips Air Fryer HD9200,Home & Kitchen,6174.05,1,-926.11,Credit Card,Returned
IND-2023-1444,2023-04-25,CUS-1023,Gaurav Bansal,Hyderabad,Telangana,South,Mamaearth Onion Hair Fall Control Oil 250ml,Beauty & Personal Care,1347.3,3,367.73,UPI,Shipped
IND-2023-1445,2023-05-24,CUS-1023,Gaurav Bansal,Pune,Maharashtra,West,Milton Thermosteel Bottle 1000ml,Home & Kitchen,1795.5,2,349.12,Credit Card,Delivered
IND-2023-1446,2023-09-18,CUS-1010,Neha Singh,Delhi,Delhi,North,Sony Bravia 43-inch 4K LED TV,Electronics,31192.0,1,-1748.5,Credit Card,Delivered
IND-2023-1447,2023-07-20,CUS-1020,Shweta Tiwari,Chandigarh,Punjab,North,Hawkins Futura Hard Anodised Kadai,Home & Kitchen,7030.0,4,1082.5,Credit Card,Processing
IND-2023-1448,2023-05-12,CUS-1004,Ananya Iyer,Bhubaneswar,Odisha,East,Spigen Armor Back Cover,Mobiles & Accessories,2556.8,4,520.6,UPI,Delivered
IND-2023-1449,2023-04-24,CUS-1019,Manish Agarwal,Chandigarh,Punjab,North,Lavie Women Handbag,Fashion,4833.0,3,767.25,UPI,Delivered
IND-2023-1450,2023-12-18,CUS-1016,Ritu Mehta,Hyderabad,Telangana,South,Fastrack Analog Watch for Men,Fashion,1230.25,1,-184.54,Debit Card,Returned
IND-2023-1451,2023-10-13,CUS-1001,Aarav Sharma,Hyderabad,Telangana,South,Puma Unisex Smashic Sneakers,Fashion,6897.0,3,-540.0,UPI,Delivered
IND-2023-1452,2023-12-16,CUS-1014,Sunita Das,Jaipur,Rajasthan,North,Solimo Water Repellent Polyester Curtains (Set of 2),Home & Kitchen,809.1,1,-187.43,Credit Card,Delivered
IND-2023-1453,2023-06-17,CUS-1022,Tanvi Deshmukh,Hyderabad,Telangana,South,boAt Airdopes 141 Bluetooth Earbuds,Mobiles & Accessories,2468.1,2,542.58,UPI,Delivered
IND-2023-1454,2023-04-08,CUS-1012,Kavita Rao,Bhubaneswar,Odisha,East,Mamaearth Onion Hair Fall Control Oil 250ml,Beauty & Personal Care,1347.3,3,367.73,Net Banking,Delivered
IND-2023-1455,2023-11-23,CUS-1012,Kavita Rao,Indore,Madhya Pradesh,West,Samsung Galaxy S23 5G,Mobiles & Accessories,61749.05,1,4762.54,Cash on Delivery,Delivered
IND-2023-1456,2023-04-12,CUS-1019,Manish Agarwal,Kolkata,West Bengal,East,Mamaearth Onion Hair Fall Control Oil 250ml,Beauty & Personal Care,499.0,1,160.0,UPI,Delivered
IND-2023-1457,2023-09-16,CUS-1013,Amit Mishra,Lucknow,Uttar Pradesh,North,Redmi Note 12 Pro 5G,Mobiles & Accessories,39598.2,2,1500.15,Credit Card,Shipped
IND-2023-1458,2023-03-07,CUS-1007,Vikram Malhotra,Jaipur,Rajasthan,North,Lavie Women Handbag,Fashion,3580.0,2,780.0,UPI,Delivered
IND-2023-1459,2023-08-14,CUS-1008,Pooja Nair,Mumbai,Maharashtra,West,Samsung Galaxy S23 5G,Mobiles & Accessories,185247.15,3,14287.61,Cash on Delivery,Processing
IND-2023-1460,2023-09-17,CUS-1008,Pooja Nair,Bhubaneswar,Odisha,East,Solimo Water Repellent Polyester Curtains (Set of 2),Home & Kitchen,1438.4,2,-509.7,Credit Card,Shipped
IND-2023-1461,2023-11-21,CUS-1013,Amit Mishra,Bhubaneswar,Odisha,East,The Derma Co 10% Vitamin C Face Serum,Beauty & Personal Care,1654.95,3,440.96,Credit Card,Delivered
IND-2023-1462,2023-01-12,CUS-1004,Ananya Iyer,Pune,Maharashtra,West,boAt Airdopes 141 Bluetooth Earbuds,Mobiles & Accessories,3897.0,3,-584.55,UPI,Returned
IND-2023-1463,2023-10-20,CUS-1015,Karan Kapoor,Delhi,Delhi,North,Pigeon 4-Burner Glass Top Gas Stove,Home & Kitchen,8598.0,2,1440.0,UPI,Delivered
IND-2023-1464,2023-05-25,CUS-1012,Kavita Rao,Lucknow,Uttar Pradesh,North,HP Pavilion 15 Core i5 Laptop,Electronics,54990.0,1,5800.0,Credit Card,Delivered
IND-2023-1465,2023-06-14,CUS-1001,Aarav Sharma,Hyderabad,Telangana,South,boAt Airdopes 141 Bluetooth Earbuds,Mobiles & Accessories,2208.3,2,347.73,UPI,Delivered
IND-2023-1466,2023-03-27,CUS-1024,Meera Nambiar,Indore,Madhya Pradesh,West,Biba Women Printed Anarkali Kurta,Fashion,1899.05,1,445.04,Cash on Delivery,Delivered
IND-2023-1467,2023-01-01,CUS-1014,Sunita Das,Ahmedabad,Gujarat,West,Puma Unisex Smashic Sneakers,Fashion,1954.15,1,-438.64,Net Banking,Shipped
IND-2023-1468,2023-01-12,CUS-1004,Ananya Iyer,Pune,Maharashtra,West,Milton Thermosteel Bottle 1000ml,Home & Kitchen,1890.0,2,420.0,Cash on Delivery,Delivered
IND-2023-1469,2023-11-30,CUS-1009,Rajesh Kumar,Patna,Bihar,East,Lakme Absolute Matte Melt Liquid Lip Color,Beauty & Personal Care,2100.0,4,700.0,Cash on Delivery,Delivered
IND-2023-1470,2023-05-27,CUS-1013,Amit Mishra,Chandigarh,Punjab,North,Wakefit Ergonomic Orthopedic Mattress,Home & Kitchen,24998.0,2,-2900.0,UPI,Delivered
IND-2023-1471,2023-09-09,CUS-1024,Meera Nambiar,Indore,Madhya Pradesh,West,Biotique Botanical Glow Skincare Combo,Beauty & Personal Care,741.0,1,210.75,Credit Card,Delivered
IND-2023-1472,2023-01-03,CUS-1023,Gaurav Bansal,Hyderabad,Telangana,South,OnePlus 11R 5G (128GB),Mobiles & Accessories,159996.0,4,-23999.4,Credit Card,Returned
IND-2023-1473,2023-01-14,CUS-1019,Manish Agarwal,Jaipur,Rajasthan,North,Pigeon 4-Burner Glass Top Gas Stove,Home & Kitchen,4084.05,1,558.79,UPI,Delivered
IND-2023-1474,2023-03-01,CUS-1015,Karan Kapoor,Kolkata,West Bengal,East,Solimo Water Repellent Polyester Curtains (Set of 2),Home & Kitchen,2697.0,3,-360.0,UPI,Delivered
IND-2023-1475,2023-08-15,CUS-1006,Sneha Mukherjee,Kolkata,West Bengal,East,Fastrack Analog Watch for Men,Fashion,4921.0,4,1045.75,Credit Card,Shipped
IND-2023-1476,2023-10-27,CUS-1015,Karan Kapoor,Delhi,Delhi,North,HP Pavilion 15 Core i5 Laptop,Electronics,164970.0,3,17400.0,UPI,Delivered
IND-2023-1477,2023-05-06,CUS-1018,Divya Pillai,Jaipur,Rajasthan,North,SanDisk 128GB Ultra Dual Drive,Electronics,806.55,1,178.16,UPI,Processing
IND-2023-1478,2023-04-03,CUS-1004,Ananya Iyer,Ahmedabad,Gujarat,West,Hawkins Futura Hard Anodised Kadai,Home & Kitchen,5550.0,3,1020.0,Net Banking,Delivered
IND-2023-1479,2023-10-25,CUS-1005,Rohan Gupta,Indore,Madhya Pradesh,West,HP Pavilion 15 Core i5 Laptop,Electronics,54990.0,1,5800.0,Cash on Delivery,Delivered
IND-2023-1480,2023-06-14,CUS-1018,Divya Pillai,Jaipur,Rajasthan,North,Philips Air Fryer HD9200,Home & Kitchen,17547.3,3,1387.72,UPI,Delivered
IND-2023-1481,2023-01-24,CUS-1025,Siddharth Sen,Pune,Maharashtra,West,boAt Airdopes 141 Bluetooth Earbuds,Mobiles & Accessories,2078.4,2,250.3,UPI,Shipped
IND-2023-1482,2023-01-01,CUS-1014,Sunita Das,Bengaluru,Karnataka,South,Pigeon 4-Burner Glass Top Gas Stove,Home & Kitchen,15476.4,4,1590.3,UPI,Delivered
IND-2023-1483,2023-12-18,CUS-1008,Pooja Nair,Lucknow,Uttar Pradesh,North,Redmi Note 12 Pro 5G,Mobiles & Accessories,43998.0,2,-6599.7,Cash on Delivery,Returned
IND-2023-1484,2023-10-05,CUS-1025,Siddharth Sen,Ahmedabad,Gujarat,West,SanDisk 128GB Ultra Dual Drive,Electronics,2547.0,3,630.0,Debit Card,Delivered
IND-2023-1485,2023-04-28,CUS-1002,Priya Patel,Mumbai,Maharashtra,West,OnePlus 11R 5G (128GB),Mobiles & Accessories,159996.0,4,19200.0,Cash on Delivery,Delivered
IND-2023-1486,2023-06-17,CUS-1024,Meera Nambiar,Bengaluru,Karnataka,South,Solimo Water Repellent Polyester Curtains (Set of 2),Home & Kitchen,899.0,1,-120.0,UPI,Delivered
IND-2023-1487,2023-08-04,CUS-1013,Amit Mishra,Bhubaneswar,Odisha,East,Logitech Wireless Keyboard & Mouse,Electronics,2541.5,2,363.62,Credit Card,Delivered
IND-2023-1488,2023-04-18,CUS-1019,Manish Agarwal,Lucknow,Uttar Pradesh,North,Canon EOS 1500D DSLR Camera,Electronics,33592.0,1,-5038.8,Credit Card,Returned
IND-2023-1489,2023-01-16,CUS-1004,Ananya Iyer,Indore,Madhya Pradesh,West,Pigeon 4-Burner Glass Top Gas Stove,Home & Kitchen,17196.0,4,2880.0,Net Banking,Delivered
IND-2023-1490,2023-05-15,CUS-1017,Deepak Chopra,Kolkata,West Bengal,East,Solimo Water Repellent Polyester Curtains (Set of 2),Home & Kitchen,2562.15,3,-461.14,Credit Card,Delivered
IND-2023-1491,2023-06-25,CUS-1004,Ananya Iyer,Jaipur,Rajasthan,North,Logitech Wireless Keyboard & Mouse,Electronics,4784.0,4,503.0,Debit Card,Delivered
IND-2023-1492,2023-10-07,CUS-1010,Neha Singh,Ahmedabad,Gujarat,West,The Derma Co 10% Vitamin C Face Serum,Beauty & Personal Care,1947.0,3,660.0,Credit Card,Delivered
IND-2023-1493,2023-06-03,CUS-1021,Arjun Reddy,Bengaluru,Karnataka,South,Logitech Wireless Keyboard & Mouse,Electronics,1270.75,1,181.81,Debit Card,Delivered
IND-2023-1494,2023-04-28,CUS-1015,Karan Kapoor,Bengaluru,Karnataka,South,Prestige Iris 750W Mixer Grinder,Home & Kitchen,12796.0,4,2200.0,Credit Card,Delivered
IND-2023-1495,2023-04-21,CUS-1007,Vikram Malhotra,Kolkata,West Bengal,East,Sony Bravia 43-inch 4K LED TV,Electronics,99424.5,3,-859.12,Cash on Delivery,Shipped
IND-2023-1496,2023-12-25,CUS-1003,Rahul Verma,Ahmedabad,Gujarat,West,Milton Thermosteel Bottle 1000ml,Home & Kitchen,803.25,1,-120.49,Cash on Delivery,Returned
IND-2023-1497,2023-12-30,CUS-1007,Vikram Malhotra,Jaipur,Rajasthan,North,Canon EOS 1500D DSLR Camera,Electronics,113373.0,3,4052.25,Debit Card,Delivered
IND-2023-1498,2023-01-10,CUS-1010,Neha Singh,Patna,Bihar,East,Spigen Armor Back Cover,Mobiles & Accessories,2397.0,3,750.0,UPI,Delivered
IND-2023-1499,2023-02-12,CUS-1022,Tanvi Deshmukh,Ahmedabad,Gujarat,West,Noise ColorFit Pulse Smartwatch,Mobiles & Accessories,5397.0,3,0.0,Credit Card,Cancelled
IND-2023-1500,2023-03-11,CUS-1017,Deepak Chopra,Bhubaneswar,Odisha,East,boAt Airdopes 141 Bluetooth Earbuds,Mobiles & Accessories,1039.2,1,125.15,Debit Card,Shipped
IND-2023-1501,2023-03-16,CUS-1016,Ritu Mehta,Bengaluru,Karnataka,South,Philips Electric Beard Trimmer Series 3000,Beauty & Personal Care,2998.0,2,720.0,Credit Card,Delivered
IND-2023-1502,2023-03-23,CUS-1010,Neha Singh,Bengaluru,Karnataka,South,Levi's Men Slim Fit Denim Jeans,Fashion,6747.3,3,0.0,UPI,Cancelled
IND-2023-1503,2023-06-25,CUS-1024,Meera Nambiar,Ahmedabad,Gujarat,West,Fastrack Analog Watch for Men,Fashion,2072.0,2,0.0,Debit Card,Cancelled
IND-2023-1504,2023-09-07,CUS-1007,Vikram Malhotra,Ahmedabad,Gujarat,West,Philips Electric Beard Trimmer Series 3000,Beauty & Personal Care,4497.0,3,1080.0,Credit Card,Delivered
IND-2023-1505,2023-06-26,CUS-1014,Sunita Das,Patna,Bihar,East,Samsung Galaxy S23 5G,Mobiles & Accessories,194997.0,3,21600.0,UPI,Delivered
IND-2023-1506,2023-07-18,CUS-1006,Sneha Mukherjee,Indore,Madhya Pradesh,West,Lavie Women Handbag,Fashion,3043.0,2,377.25,UPI,Delivered
IND-2023-1507,2023-06-23,CUS-1021,Arjun Reddy,Patna,Bihar,East,Hawkins Futura Hard Anodised Kadai,Home & Kitchen,4717.5,3,395.62,Cash on Delivery,Delivered
IND-2023-1508,2023-02-19,CUS-1013,Amit Mishra,Delhi,Delhi,North,Levi's Men Slim Fit Denim Jeans,Fashion,4498.2,2,925.15,UPI,Delivered
IND-2023-1509,2023-05-30,CUS-1006,Sneha Mukherjee,Ahmedabad,Gujarat,West,HP Pavilion 15 Core i5 Laptop,Electronics,87984.0,2,-4897.0,UPI,Delivered
IND-2023-1510,2023-05-01,CUS-1009,Rajesh Kumar,Patna,Bihar,East,SanDisk 128GB Ultra Dual Drive,Electronics,764.1,1,0.0,UPI,Cancelled
IND-2023-1511,2023-06-30,CUS-1008,Pooja Nair,Indore,Madhya Pradesh,West,Biba Women Printed Anarkali Kurta,Fashion,7996.0,4,2080.0,Cash on Delivery,Shipped
IND-2023-1512,2023-02-16,CUS-1011,Aditya Joshi,Hyderabad,Telangana,South,SanDisk 128GB Ultra Dual Drive,Electronics,1528.2,2,292.65,Credit Card,Delivered
IND-2023-1513,2023-08-11,CUS-1005,Rohan Gupta,Hyderabad,Telangana,South,Mamaearth Onion Hair Fall Control Oil 250ml,Beauty & Personal Care,1422.15,3,423.86,Credit Card,Delivered
IND-2023-1514,2023-04-22,CUS-1012,Kavita Rao,Delhi,Delhi,North,Fastrack Analog Watch for Men,Fashion,2201.5,2,328.62,Cash on Delivery,Delivered
IND-2023-1515,2023-07-31,CUS-1009,Rajesh Kumar,Bengaluru,Karnataka,South,Biba Women Printed Anarkali Kurta,Fashion,3398.3,2,590.23,UPI,Delivered
IND-2023-1516,2023-10-05,CUS-1002,Priya Patel,Lucknow,Uttar Pradesh,North,Noise ColorFit Pulse Smartwatch,Mobiles & Accessories,6476.4,4,980.3,UPI,Delivered
IND-2023-1517,2023-04-04,CUS-1021,Arjun Reddy,Bengaluru,Karnataka,South,Mamaearth Onion Hair Fall Control Oil 250ml,Beauty & Personal Care,1796.4,4,490.3,Debit Card,Delivered
IND-2023-1518,2023-10-07,CUS-1010,Neha Singh,Lucknow,Uttar Pradesh,North,Biotique Botanical Glow Skincare Combo,Beauty & Personal Care,663.0,1,152.25,UPI,Shipped
IND-2023-1519,2023-10-24,CUS-1013,Amit Mishra,Hyderabad,Telangana,South,Fastrack Analog Watch for Men,Fashion,2331.0,2,425.75,UPI,Delivered
IND-2023-1520,2023-07-16,CUS-1013,Amit Mishra,Bhubaneswar,Odisha,East,Allen Solly Casual Cotton Shirt,Fashion,3597.6,3,465.45,UPI,Delivered
IND-2023-1521,2023-07-30,CUS-1019,Manish Agarwal,Kochi,Kerala,South,Pigeon 4-Burner Glass Top Gas Stove,Home & Kitchen,11607.3,3,1192.72,UPI,Delivered
IND-2023-1522,2023-12-21,CUS-1001,Aarav Sharma,Bhubaneswar,Odisha,East,Redmi Note 12 Pro 5G,Mobiles & Accessories,19799.1,1,750.07,UPI,Delivered
IND-2023-1523,2023-03-06,CUS-1005,Rohan Gupta,Hyderabad,Telangana,South,Peter England Formal Trousers,Fashion,3836.8,4,440.6,UPI,Delivered
IND-2023-1524,2023-11-18,CUS-1005,Rohan Gupta,Hyderabad,Telangana,South,OnePlus 11R 5G (128GB),Mobiles & Accessories,39999.0,1,4800.0,Cash on Delivery,Shipped
IND-2023-1525,2023-10-06,CUS-1008,Pooja Nair,Bhubaneswar,Odisha,East,OnePlus 11R 5G (128GB),Mobiles & Accessories,39999.0,1,4800.0,UPI,Delivered
IND-2023-1526,2023-08-12,CUS-1016,Ritu Mehta,Patna,Bihar,East,Lavie Women Handbag,Fashion,3222.0,2,511.5,Net Banking,Delivered
IND-2023-1527,2023-03-22,CUS-1010,Neha Singh,Ahmedabad,Gujarat,West,Lakme Absolute Matte Melt Liquid Lip Color,Beauty & Personal Care,525.0,1,-78.75,Cash on Delivery,Returned
IND-2023-1528,2023-11-17,CUS-1013,Amit Mishra,Ahmedabad,Gujarat,West,Wakefit Ergonomic Orthopedic Mattress,Home & Kitchen,49996.0,4,-5800.0,UPI,Delivered
IND-2023-1529,2023-10-20,CUS-1013,Amit Mishra,Bengaluru,Karnataka,South,Levi's Men Slim Fit Denim Jeans,Fashion,2249.1,1,462.57,Cash on Delivery,Delivered
IND-2023-1530,2023-08-27,CUS-1019,Manish Agarwal,Kochi,Kerala,South,Levi's Men Slim Fit Denim Jeans,Fashion,3998.4,2,550.3,Debit Card,Delivered
IND-2023-1531,2023-07-02,CUS-1017,Deepak Chopra,Patna,Bihar,East,JBL Flip 6 Portable Bluetooth Speaker,Electronics,30596.6,4,750.45,UPI,Delivered
IND-2023-1532,2023-02-19,CUS-1002,Priya Patel,Hyderabad,Telangana,South,Milton Thermosteel Bottle 1000ml,Home & Kitchen,1890.0,2,420.0,UPI,Delivered
IND-2023-1533,2023-02-09,CUS-1011,Aditya Joshi,Indore,Madhya Pradesh,West,Samsung Galaxy S23 5G,Mobiles & Accessories,129998.0,2,14400.0,UPI,Delivered
IND-2023-1534,2023-08-01,CUS-1025,Siddharth Sen,Bengaluru,Karnataka,South,Redmi Note 12 Pro 5G,Mobiles & Accessories,37398.3,2,-149.77,UPI,Shipped
IND-2023-1535,2023-07-01,CUS-1005,Rohan Gupta,Patna,Bihar,East,Philips Air Fryer HD9200,Home & Kitchen,17547.3,3,1387.72,UPI,Delivered
IND-2023-1536,2023-09-09,CUS-1022,Tanvi Deshmukh,Ahmedabad,Gujarat,West,boAt Airdopes 141 Bluetooth Earbuds,Mobiles & Accessories,2598.0,2,640.0,Cash on Delivery,Delivered
IND-2023-1537,2023-02-17,CUS-1004,Ananya Iyer,Delhi,Delhi,North,Lavie Women Handbag,Fashion,1790.0,1,390.0,Debit Card,Delivered
IND-2023-1538,2023-07-10,CUS-1018,Divya Pillai,Ahmedabad,Gujarat,West,Noise ColorFit Pulse Smartwatch,Mobiles & Accessories,5756.8,4,440.6,Net Banking,Delivered
IND-2023-1539,2023-04-15,CUS-1004,Ananya Iyer,Chennai,Tamil Nadu,South,OnePlus 11R 5G (128GB),Mobiles & Accessories,79998.0,2,0.0,Credit Card,Cancelled
IND-2023-1540,2023-02-26,CUS-1025,Siddharth Sen,Mumbai,Maharashtra,West,Prestige Iris 750W Mixer Grinder,Home & Kitchen,6078.1,2,860.08,Cash on Delivery,Shipped
IND-2023-1541,2023-11-10,CUS-1016,Ritu Mehta,Kolkata,West Bengal,East,Logitech Wireless Keyboard & Mouse,Electronics,5980.0,4,1400.0,Cash on Delivery,Delivered
IND-2023-1542,2023-09-01,CUS-1003,Rahul Verma,Bhubaneswar,Odisha,East,boAt Airdopes 141 Bluetooth Earbuds,Mobiles & Accessories,1104.15,1,173.86,Credit Card,Delivered
IND-2023-1543,2023-01-30,CUS-1023,Gaurav Bansal,Patna,Bihar,East,The Derma Co 10% Vitamin C Face Serum,Beauty & Personal Care,649.0,1,220.0,Credit Card,Delivered
IND-2023-1544,2023-04-22,CUS-1005,Rohan Gupta,Kolkata,West Bengal,East,Mi 10000mAh Power Bank 3i,Mobiles & Accessories,4796.0,4,1040.0,UPI,Delivered
IND-2023-1545,2023-09-14,CUS-1024,Meera Nambiar,Pune,Maharashtra,West,boAt Airdopes 141 Bluetooth Earbuds,Mobiles & Accessories,1299.0,1,320.0,UPI,Delivered
IND-2023-1546,2023-01-05,CUS-1009,Rajesh Kumar,Kolkata,West Bengal,East,Samsung Galaxy S23 5G,Mobiles & Accessories,259996.0,4,28800.0,Credit Card,Delivered
IND-2023-1547,2023-04-24,CUS-1017,Deepak Chopra,Kochi,Kerala,South,The Derma Co 10% Vitamin C Face Serum,Beauty & Personal Care,2076.8,4,490.6,UPI,Delivered
IND-2023-1548,2023-07-03,CUS-1015,Karan Kapoor,Indore,Madhya Pradesh,West,Fastrack Analog Watch for Men,Fashion,5180.0,4,1240.0,Net Banking,Delivered
IND-2023-1549,2023-05-28,CUS-1005,Rohan Gupta,Patna,Bihar,East,OnePlus 11R 5G (128GB),Mobiles & Accessories,67998.3,2,600.23,UPI,Delivered
IND-2023-1550,2023-12-28,CUS-1013,Amit Mishra,Kolkata,West Bengal,East,Puma Unisex Smashic Sneakers,Fashion,2184.05,1,-266.21,Cash on Delivery,Delivered
IND-2023-1551,2023-10-24,CUS-1008,Pooja Nair,Kolkata,West Bengal,East,Milton Thermosteel Bottle 1000ml,Home & Kitchen,2693.25,3,523.69,UPI,Delivered
IND-2023-1552,2023-09-01,CUS-1024,Meera Nambiar,Bengaluru,Karnataka,South,Mamaearth Onion Hair Fall Control Oil 250ml,Beauty & Personal Care,499.0,1,160.0,Cash on Delivery,Delivered
IND-2023-1553,2023-05-03,CUS-1016,Ritu Mehta,Patna,Bihar,East,OnePlus 11R 5G (128GB),Mobiles & Accessories,79998.0,2,9600.0,Credit Card,Delivered
IND-2023-1554,2023-07-11,CUS-1014,Sunita Das,Jaipur,Rajasthan,North,Lakme Absolute Matte Melt Liquid Lip Color,Beauty & Personal Care,840.0,2,192.5,UPI,Delivered
IND-2023-1555,2023-09-14,CUS-1018,Divya Pillai,Patna,Bihar,East,The Derma Co 10% Vitamin C Face Serum,Beauty & Personal Care,1038.4,2,245.3,Net Banking,Delivered
IND-2023-1556,2023-03-18,CUS-1020,Shweta Tiwari,Bhubaneswar,Odisha,East,Logitech Wireless Keyboard & Mouse,Electronics,1270.75,1,181.81,Credit Card,Processing
IND-2023-1557,2023-10-10,CUS-1016,Ritu Mehta,Lucknow,Uttar Pradesh,North,Biotique Botanical Glow Skincare Combo,Beauty & Personal Care,2652.0,4,0.0,Net Banking,Cancelled
IND-2023-1558,2023-04-30,CUS-1015,Karan Kapoor,Pune,Maharashtra,West,Logitech Wireless Keyboard & Mouse,Electronics,1495.0,1,350.0,Debit Card,Delivered
IND-2023-1559,2023-06-30,CUS-1011,Aditya Joshi,Bengaluru,Karnataka,South,Pigeon 4-Burner Glass Top Gas Stove,Home & Kitchen,12252.15,3,1676.36,UPI,Delivered
IND-2023-1560,2023-12-20,CUS-1016,Ritu Mehta,Lucknow,Uttar Pradesh,North,Lakme Absolute Matte Melt Liquid Lip Color,Beauty & Personal Care,472.5,1,135.62,UPI,Delivered
IND-2023-1561,2023-05-25,CUS-1017,Deepak Chopra,Ahmedabad,Gujarat,West,Mamaearth Onion Hair Fall Control Oil 250ml,Beauty & Personal Care,798.4,2,170.3,Cash on Delivery,Delivered
IND-2023-1562,2023-12-04,CUS-1021,Arjun Reddy,Pune,Maharashtra,West,Puma Unisex Smashic Sneakers,Fashion,5862.45,3,-1315.91,Credit Card,Processing
IND-2023-1563,2023-08-18,CUS-1011,Aditya Joshi,Pune,Maharashtra,West,Allen Solly Casual Cotton Shirt,Fashion,3597.6,3,465.45,Credit Card,Shipped
IND-2023-1564,2023-11-08,CUS-1025,Siddharth Sen,Kolkata,West Bengal,East,JBL Flip 6 Portable Bluetooth Speaker,Electronics,28796.8,4,-599.4,Credit Card,Delivered
IND-2023-1565,2023-10-13,CUS-1005,Rohan Gupta,Jaipur,Rajasthan,North,Hawkins Futura Hard Anodised Kadai,Home & Kitchen,6660.0,4,805.0,UPI,Delivered
IND-2023-1566,2023-04-19,CUS-1006,Sneha Mukherjee,Bengaluru,Karnataka,South,Hawkins Futura Hard Anodised Kadai,Home & Kitchen,4717.5,3,395.62,Net Banking,Delivered
IND-2023-1567,2023-03-13,CUS-1013,Amit Mishra,Bengaluru,Karnataka,South,Philips Air Fryer HD9200,Home & Kitchen,5849.1,1,462.57,UPI,Shipped
IND-2023-1568,2023-10-18,CUS-1021,Arjun Reddy,Kochi,Kerala,South,SanDisk 128GB Ultra Dual Drive,Electronics,2547.0,3,630.0,UPI,Delivered
IND-2023-1569,2023-04-26,CUS-1001,Aarav Sharma,Mumbai,Maharashtra,West,HP Pavilion 15 Core i5 Laptop,Electronics,54990.0,1,5800.0,UPI,Delivered
IND-2023-1570,2023-10-03,CUS-1014,Sunita Das,Ahmedabad,Gujarat,West,Lakme Absolute Matte Melt Liquid Lip Color,Beauty & Personal Care,1050.0,2,350.0,UPI,Delivered
IND-2023-1571,2023-12-19,CUS-1022,Tanvi Deshmukh,Indore,Madhya Pradesh,West,Prestige Iris 750W Mixer Grinder,Home & Kitchen,7677.6,3,210.45,Credit Card,Delivered
IND-2023-1572,2023-08-13,CUS-1011,Aditya Joshi,Hyderabad,Telangana,South,Hawkins Futura Hard Anodised Kadai,Home & Kitchen,1572.5,1,131.88,UPI,Delivered
IND-2023-1573,2023-01-28,CUS-1004,Ananya Iyer,Lucknow,Uttar Pradesh,North,Logitech Wireless Keyboard & Mouse,Electronics,1196.0,1,-179.4,UPI,Returned
IND-2023-1574,2023-01-04,CUS-1024,Meera Nambiar,Indore,Madhya Pradesh,West,Philips Air Fryer HD9200,Home & Kitchen,6499.0,1,950.0,UPI,Delivered
IND-2023-1575,2023-10-01,CUS-1021,Arjun Reddy,Delhi,Delhi,North,Peter England Formal Trousers,Fashion,1139.05,1,245.04,Cash on Delivery,Processing
IND-2023-1576,2023-11-16,CUS-1015,Karan Kapoor,Chandigarh,Punjab,North,Mi 10000mAh Power Bank 3i,Mobiles & Accessories,4796.0,4,1040.0,UPI,Delivered
IND-2023-1577,2023-11-24,CUS-1008,Pooja Nair,Lucknow,Uttar Pradesh,North,Canon EOS 1500D DSLR Camera,Electronics,71383.0,2,-447.75,Credit Card,Shipped
IND-2023-1578,2023-11-25,CUS-1003,Rahul Verma,Mumbai,Maharashtra,West,Canon EOS 1500D DSLR Camera,Electronics,79781.0,2,-11967.15,UPI,Returned
IND-2023-1579,2023-10-21,CUS-1019,Manish Agarwal,Patna,Bihar,East,Philips Air Fryer HD9200,Home & Kitchen,23396.4,4,1850.3,Cash on Delivery,Delivered
IND-2023-1580,2023-05-23,CUS-1024,Meera Nambiar,Ahmedabad,Gujarat,West,Puma Unisex Smashic Sneakers,Fashion,7816.6,4,-1754.55,UPI,Delivered
IND-2023-1581,2023-10-11,CUS-1009,Rajesh Kumar,Delhi,Delhi,North,Philips Air Fryer HD9200,Home & Kitchen,17547.3,3,1387.72,Credit Card,Delivered
IND-2023-1582,2023-05-12,CUS-1019,Manish Agarwal,Delhi,Delhi,North,Prestige Iris 750W Mixer Grinder,Home & Kitchen,8637.3,3,930.22,Cash on Delivery,Shipped
IND-2023-1583,2023-09-25,CUS-1016,Ritu Mehta,Lucknow,Uttar Pradesh,North,Milton Thermosteel Bottle 1000ml,Home & Kitchen,2835.0,3,630.0,UPI,Delivered
IND-2023-1584,2023-04-27,CUS-1024,Meera Nambiar,Mumbai,Maharashtra,West,Lakme Absolute Matte Melt Liquid Lip Color,Beauty & Personal Care,1496.25,3,465.94,Debit Card,Delivered
IND-2023-1585,2023-09-27,CUS-1018,Divya Pillai,Jaipur,Rajasthan,North,Spigen Armor Back Cover,Mobiles & Accessories,2277.15,3,660.11,UPI,Delivered
IND-2023-1586,2023-08-30,CUS-1009,Rajesh Kumar,Delhi,Delhi,North,Redmi Note 12 Pro 5G,Mobiles & Accessories,70396.8,4,-3599.4,Cash on Delivery,Delivered
IND-2023-1587,2023-04-30,CUS-1012,Kavita Rao,Chandigarh,Punjab,North,Redmi Note 12 Pro 5G,Mobiles & Accessories,56097.45,3,-224.66,Credit Card,Delivered
IND-2023-1588,2023-05-07,CUS-1023,Gaurav Bansal,Kochi,Kerala,South,boAt Airdopes 141 Bluetooth Earbuds,Mobiles & Accessories,2468.1,2,542.58,UPI,Delivered
IND-2023-1589,2023-06-01,CUS-1019,Manish Agarwal,Patna,Bihar,East,Philips Electric Beard Trimmer Series 3000,Beauty & Personal Care,2998.0,2,720.0,UPI,Delivered
IND-2023-1590,2023-05-09,CUS-1010,Neha Singh,Pune,Maharashtra,West,Canon EOS 1500D DSLR Camera,Electronics,37791.0,1,1350.75,Cash on Delivery,Delivered
IND-2023-1591,2023-03-14,CUS-1019,Manish Agarwal,Bhubaneswar,Odisha,East,OnePlus 11R 5G (128GB),Mobiles & Accessories,35999.1,1,1800.07,UPI,Delivered
IND-2023-1592,2023-04-20,CUS-1018,Divya Pillai,Mumbai,Maharashtra,West,Allen Solly Casual Cotton Shirt,Fashion,5996.0,4,1520.0,Credit Card,Delivered
IND-2023-1593,2023-03-12,CUS-1006,Sneha Mukherjee,Hyderabad,Telangana,South,Noise ColorFit Pulse Smartwatch,Mobiles & Accessories,1529.15,1,177.61,Cash on Delivery,Delivered
IND-2023-1594,2023-09-25,CUS-1016,Ritu Mehta,Hyderabad,Telangana,South,Allen Solly Casual Cotton Shirt,Fashion,5096.6,4,845.45,UPI,Delivered
IND-2023-1595,2023-03-15,CUS-1009,Rajesh Kumar,Hyderabad,Telangana,South,Philips Electric Beard Trimmer Series 3000,Beauty & Personal Care,3597.6,3,405.45,Cash on Delivery,Delivered
IND-2023-1596,2023-02-25,CUS-1005,Rohan Gupta,Bengaluru,Karnataka,South,boAt Airdopes 141 Bluetooth Earbuds,Mobiles & Accessories,3897.0,3,960.0,UPI,Delivered
IND-2023-1597,2023-04-16,CUS-1018,Divya Pillai,Chennai,Tamil Nadu,South,Biba Women Printed Anarkali Kurta,Fashion,5097.45,3,885.34,Credit Card,Delivered
IND-2023-1598,2023-06-07,CUS-1024,Meera Nambiar,Lucknow,Uttar Pradesh,North,Prestige Iris 750W Mixer Grinder,Home & Kitchen,12796.0,4,2200.0,UPI,Delivered
IND-2023-1599,2023-05-09,CUS-1015,Karan Kapoor,Delhi,Delhi,North,JBL Flip 6 Portable Bluetooth Speaker,Electronics,8549.05,1,862.54,Debit Card,Delivered
IND-2023-1600,2023-07-25,CUS-1009,Rajesh Kumar,Hyderabad,Telangana,South,Fastrack Analog Watch for Men,Fashion,1295.0,1,310.0,Debit Card,Delivered
IND-2023-1601,2023-01-02,CUS-1014,Sunita Das,Kochi,Kerala,South,Samsung Galaxy S23 5G,Mobiles & Accessories,64999.0,1,7200.0,UPI,Delivered
IND-2023-1602,2023-10-29,CUS-1012,Kavita Rao,Mumbai,Maharashtra,West,Canon EOS 1500D DSLR Camera,Electronics,125970.0,3,13500.0,UPI,Delivered
IND-2023-1603,2023-03-05,CUS-1023,Gaurav Bansal,Chennai,Tamil Nadu,South,Redmi Note 12 Pro 5G,Mobiles & Accessories,17599.2,1,-899.85,Cash on Delivery,Delivered
IND-2023-1604,2023-02-13,CUS-1005,Rohan Gupta,Indore,Madhya Pradesh,West,Samsung Galaxy S23 5G,Mobiles & Accessories,110498.3,2,-224.78,Credit Card,Delivered
IND-2023-1605,2023-10-26,CUS-1018,Divya Pillai,Ahmedabad,Gujarat,West,Canon EOS 1500D DSLR Camera,Electronics,41990.0,1,4500.0,UPI,Delivered
IND-2023-1606,2023-07-19,CUS-1019,Manish Agarwal,Bengaluru,Karnataka,South,JBL Flip 6 Portable Bluetooth Speaker,Electronics,17098.1,2,1725.07,UPI,Delivered
IND-2023-1607,2023-09-13,CUS-1019,Manish Agarwal,Patna,Bihar,East,Biotique Botanical Glow Skincare Combo,Beauty & Personal Care,2106.0,3,544.5,Cash on Delivery,Shipped
IND-2023-1608,2023-07-23,CUS-1012,Kavita Rao,Kolkata,West Bengal,East,Sony Bravia 43-inch 4K LED TV,Electronics,111121.5,3,7913.62,Debit Card,Delivered
IND-2023-1609,2023-01-10,CUS-1018,Divya Pillai,Chennai,Tamil Nadu,South,Allen Solly Casual Cotton Shirt,Fashion,2848.1,2,647.58,Debit Card,Delivered
IND-2023-1610,2023-12-17,CUS-1024,Meera Nambiar,Chennai,Tamil Nadu,South,Lakme Absolute Matte Melt Liquid Lip Color,Beauty & Personal Care,420.0,1,96.25,Debit Card,Delivered
IND-2023-1611,2023-11-08,CUS-1011,Aditya Joshi,Kochi,Kerala,South,JBL Flip 6 Portable Bluetooth Speaker,Electronics,28796.8,4,-599.4,UPI,Delivered
IND-2023-1612,2023-10-21,CUS-1017,Deepak Chopra,Delhi,Delhi,North,Sony Bravia 43-inch 4K LED TV,Electronics,93576.0,3,-5245.5,Credit Card,Delivered
IND-2023-1613,2023-06-03,CUS-1003,Rahul Verma,Indore,Madhya Pradesh,West,JBL Flip 6 Portable Bluetooth Speaker,Electronics,24297.3,3,0.0,UPI,Cancelled
IND-2023-1614,2023-01-14,CUS-1002,Priya Patel,Delhi,Delhi,North,Mi 10000mAh Power Bank 3i,Mobiles & Accessories,1199.0,1,260.0,Net Banking,Delivered
IND-2023-1615,2023-06-27,CUS-1007,Vikram Malhotra,Ahmedabad,Gujarat,West,Biba Women Printed Anarkali Kurta,Fashion,7196.4,4,1480.3,Debit Card,Delivered
IND-2023-1616,2023-02-24,CUS-1004,Ananya Iyer,Hyderabad,Telangana,South,Levi's Men Slim Fit Denim Jeans,Fashion,9996.0,4,2600.0,Credit Card,Delivered
IND-2023-1617,2023-12-03,CUS-1008,Pooja Nair,Pune,Maharashtra,West,Solimo Water Repellent Polyester Curtains (Set of 2),Home & Kitchen,809.1,1,-187.43,Credit Card,Delivered
IND-2023-1618,2023-09-04,CUS-1018,Divya Pillai,Pune,Maharashtra,West,Samsung Galaxy S23 5G,Mobiles & Accessories,165747.45,3,-337.16,UPI,Delivered
IND-2023-1619,2023-03-14,CUS-1020,Shweta Tiwari,Delhi,Delhi,North,Prestige Iris 750W Mixer Grinder,Home & Kitchen,6398.0,2,1100.0,UPI,Delivered
IND-2023-1620,2023-12-01,CUS-1004,Ananya Iyer,Ahmedabad,Gujarat,West,Spigen Armor Back Cover,Mobiles & Accessories,719.1,1,-107.86,UPI,Returned
IND-2023-1621,2023-11-01,CUS-1024,Meera Nambiar,Kochi,Kerala,South,Puma Unisex Smashic Sneakers,Fashion,6897.0,3,-540.0,Cash on Delivery,Delivered
IND-2023-1622,2023-05-11,CUS-1023,Gaurav Bansal,Bengaluru,Karnataka,South,Puma Unisex Smashic Sneakers,Fashion,5862.45,3,-1315.91,UPI,Delivered
IND-2023-1623,2023-10-23,CUS-1017,Deepak Chopra,Indore,Madhya Pradesh,West,OnePlus 11R 5G (128GB),Mobiles & Accessories,113997.15,3,9900.11,Debit Card,Delivered
IND-2023-1624,2023-06-14,CUS-1017,Deepak Chopra,Delhi,Delhi,North,JBL Flip 6 Portable Bluetooth Speaker,Electronics,34196.2,4,3450.15,Net Banking,Delivered
IND-2023-1625,2023-02-02,CUS-1015,Karan Kapoor,Chennai,Tamil Nadu,South,Biotique Botanical Glow Skincare Combo,Beauty & Personal Care,1989.0,3,456.75,UPI,Delivered
IND-2023-1626,2023-02-07,CUS-1022,Tanvi Deshmukh,Jaipur,Rajasthan,North,Fastrack Analog Watch for Men,Fashion,1230.25,1,261.44,Credit Card,Delivered
IND-2023-1627,2023-10-30,CUS-1001,Aarav Sharma,Jaipur,Rajasthan,North,Canon EOS 1500D DSLR Camera,Electronics,71383.0,2,-447.75,UPI,Delivered
IND-2023-1628,2023-07-21,CUS-1011,Aditya Joshi,Patna,Bihar,East,Spigen Armor Back Cover,Mobiles & Accessories,2397.0,3,-359.55,UPI,Returned
IND-2023-1629,2023-09-06,CUS-1022,Tanvi Deshmukh,Ahmedabad,Gujarat,West,Peter England Formal Trousers,Fashion,4556.2,4,980.15,Cash on Delivery,Delivered
IND-2023-1630,2023-01-03,CUS-1013,Amit Mishra,Hyderabad,Telangana,South,HP Pavilion 15 Core i5 Laptop,Electronics,104481.0,2,7475.75,UPI,Delivered
IND-2023-1631,2023-11-27,CUS-1007,Vikram Malhotra,Bhubaneswar,Odisha,East,Solimo Water Repellent Polyester Curtains (Set of 2),Home & Kitchen,1528.3,2,-229.24,UPI,Returned
IND-2023-1632,2023-11-18,CUS-1004,Ananya Iyer,Mumbai,Maharashtra,West,JBL Flip 6 Portable Bluetooth Speaker,Electronics,21597.6,3,-449.55,UPI,Shipped
IND-2023-1633,2023-08-23,CUS-1005,Rohan Gupta,Hyderabad,Telangana,South,Prestige Iris 750W Mixer Grinder,Home & Kitchen,3039.05,1,430.04,Cash on Delivery,Delivered
IND-2023-1634,2023-04-22,CUS-1018,Divya Pillai,Pune,Maharashtra,West,Peter England Formal Trousers,Fashion,4556.2,4,980.15,Credit Card,Delivered
IND-2023-1635,2023-03-08,CUS-1017,Deepak Chopra,Bengaluru,Karnataka,South,Allen Solly Casual Cotton Shirt,Fashion,2998.0,2,760.0,Credit Card,Delivered
IND-2023-1636,2023-06-18,CUS-1015,Karan Kapoor,Bhubaneswar,Odisha,East,Philips Air Fryer HD9200,Home & Kitchen,12998.0,2,1900.0,Credit Card,Delivered
IND-2023-1637,2023-02-07,CUS-1002,Priya Patel,Jaipur,Rajasthan,North,Mi 10000mAh Power Bank 3i,Mobiles & Accessories,3237.3,3,510.22,Debit Card,Delivered
IND-2023-1638,2023-04-09,CUS-1002,Priya Patel,Jaipur,Rajasthan,North,Logitech Wireless Keyboard & Mouse,Electronics,2990.0,2,-448.5,UPI,Returned
IND-2023-1639,2023-05-27,CUS-1020,Shweta Tiwari,Pune,Maharashtra,West,Mamaearth Onion Hair Fall Control Oil 250ml,Beauty & Personal Care,449.1,1,122.57,Credit Card,Shipped
IND-2023-1640,2023-08-04,CUS-1010,Neha Singh,Bhubaneswar,Odisha,East,Levi's Men Slim Fit Denim Jeans,Fashion,4998.0,2,-749.7,UPI,Returned
IND-2023-1641,2023-05-21,CUS-1005,Rohan Gupta,Bengaluru,Karnataka,South,Peter England Formal Trousers,Fashion,3836.8,4,-575.52,Cash on Delivery,Returned
IND-2023-1642,2023-07-18,CUS-1021,Arjun Reddy,Kolkata,West Bengal,East,Philips Air Fryer HD9200,Home & Kitchen,18522.15,3,2118.86,UPI,Delivered
IND-2023-1643,2023-08-30,CUS-1025,Siddharth Sen,Patna,Bihar,East,Solimo Water Repellent Polyester Curtains (Set of 2),Home & Kitchen,3416.2,4,-614.85,Debit Card,Shipped
IND-2023-1644,2023-01-02,CUS-1021,Arjun Reddy,Bengaluru,Karnataka,South,Biba Women Printed Anarkali Kurta,Fashion,5397.3,3,1110.22,UPI,Delivered
IND-2023-1645,2023-08-17,CUS-1010,Neha Singh,Bengaluru,Karnataka,South,Hawkins Futura Hard Anodised Kadai,Home & Kitchen,3515.0,2,541.25,Credit Card,Delivered
IND-2023-1646,2023-05-30,CUS-1018,Divya Pillai,Hyderabad,Telangana,South,Philips Electric Beard Trimmer Series 3000,Beauty & Personal Care,4796.8,4,540.6,UPI,Delivered
IND-2023-1647,2023-12-09,CUS-1003,Rahul Verma,Bhubaneswar,Odisha,East,The Derma Co 10% Vitamin C Face Serum,Beauty & Personal Care,2206.6,4,587.95,UPI,Delivered
IND-2023-1648,2023-11-12,CUS-1006,Sneha Mukherjee,Jaipur,Rajasthan,North,Allen Solly Casual Cotton Shirt,Fashion,1199.2,1,155.15,Credit Card,Processing
IND-2023-1649,2023-04-04,CUS-1019,Manish Agarwal,Jaipur,Rajasthan,North,Lakme Absolute Matte Melt Liquid Lip Color,Beauty & Personal Care,1785.0,4,463.75,Debit Card,Processing
IND-2023-1650,2023-08-16,CUS-1010,Neha Singh,Patna,Bihar,East,Wakefit Ergonomic Orthopedic Mattress,Home & Kitchen,37497.0,3,-4350.0,Cash on Delivery,Delivered
IND-2023-1651,2023-04-24,CUS-1009,Rajesh Kumar,Lucknow,Uttar Pradesh,North,Lavie Women Handbag,Fashion,1790.0,1,390.0,UPI,Shipped
IND-2023-1652,2023-08-25,CUS-1020,Shweta Tiwari,Kolkata,West Bengal,East,Sony Bravia 43-inch 4K LED TV,Electronics,66283.0,2,0.0,UPI,Cancelled
IND-2023-1653,2023-04-04,CUS-1009,Rajesh Kumar,Kolkata,West Bengal,East,Lakme Absolute Matte Melt Liquid Lip Color,Beauty & Personal Care,1995.0,4,621.25,UPI,Delivered
IND-2023-1654,2023-05-17,CUS-1018,Divya Pillai,Chandigarh,Punjab,North,Lavie Women Handbag,Fashion,7160.0,4,1560.0,UPI,Delivered
IND-2023-1655,2023-06-03,CUS-1024,Meera Nambiar,Bengaluru,Karnataka,South,Biba Women Printed Anarkali Kurta,Fashion,5997.0,3,1560.0,Net Banking,Delivered
IND-2023-1656,2023-10-13,CUS-1020,Shweta Tiwari,Bengaluru,Karnataka,South,Milton Thermosteel Bottle 1000ml,Home & Kitchen,756.0,1,-113.4,UPI,Returned
IND-2023-1657,2023-08-07,CUS-1010,Neha Singh,Mumbai,Maharashtra,West,Sony Bravia 43-inch 4K LED TV,Electronics,62384.0,2,-3497.0,Credit Card,Delivered
IND-2023-1658,2023-05-09,CUS-1018,Divya Pillai,Kochi,Kerala,South,Noise ColorFit Pulse Smartwatch,Mobiles & Accessories,3238.2,2,490.15,Cash on Delivery,Delivered
IND-2023-1659,2023-07-07,CUS-1013,Amit Mishra,Delhi,Delhi,North,Logitech Wireless Keyboard & Mouse,Electronics,1495.0,1,350.0,UPI,Delivered
IND-2023-1660,2023-04-07,CUS-1009,Rajesh Kumar,Patna,Bihar,East,Prestige Iris 750W Mixer Grinder,Home & Kitchen,6398.0,2,1100.0,Debit Card,Delivered
IND-2023-1661,2023-06-12,CUS-1021,Arjun Reddy,Delhi,Delhi,North,Pigeon 4-Burner Glass Top Gas Stove,Home & Kitchen,3439.2,1,75.15,Debit Card,Delivered
IND-2023-1662,2023-05-28,CUS-1010,Neha Singh,Mumbai,Maharashtra,West,Wakefit Ergonomic Orthopedic Mattress,Home & Kitchen,49996.0,4,-5800.0,Debit Card,Delivered
IND-2023-1663,2023-10-02,CUS-1007,Vikram Malhotra,Chennai,Tamil Nadu,South,Prestige Iris 750W Mixer Grinder,Home & Kitchen,5758.2,2,620.15,Cash on Delivery,Delivered
IND-2023-1664,2023-10-10,CUS-1020,Shweta Tiwari,Kochi,Kerala,South,Lavie Women Handbag,Fashion,3401.0,2,645.75,Credit Card,Delivered
IND-2023-1665,2023-08-17,CUS-1012,Kavita Rao,Lucknow,Uttar Pradesh,North,Biba Women Printed Anarkali Kurta,Fashion,3998.0,2,1040.0,Credit Card,Delivered
IND-2023-1666,2023-04-10,CUS-1004,Ananya Iyer,Mumbai,Maharashtra,West,Prestige Iris 750W Mixer Grinder,Home & Kitchen,3199.0,1,550.0,Cash on Delivery,Delivered
IND-2023-1667,2023-07-07,CUS-1009,Rajesh Kumar,Patna,Bihar,East,Wakefit Ergonomic Orthopedic Mattress,Home & Kitchen,49996.0,4,-5800.0,UPI,Delivered
IND-2023-1668,2023-04-08,CUS-1012,Kavita Rao,Chennai,Tamil Nadu,South,Hawkins Futura Hard Anodised Kadai,Home & Kitchen,3330.0,2,-499.5,UPI,Returned
IND-2023-1669,2023-11-14,CUS-1019,Manish Agarwal,Lucknow,Uttar Pradesh,North,Philips Electric Beard Trimmer Series 3000,Beauty & Personal Care,5996.0,4,1440.0,Net Banking,Delivered
IND-2023-1670,2023-04-07,CUS-1005,Rohan Gupta,Pune,Maharashtra,West,Prestige Iris 750W Mixer Grinder,Home & Kitchen,10876.6,4,760.45,Cash on Delivery,Delivered
IND-2023-1671,2023-08-12,CUS-1007,Vikram Malhotra,Kochi,Kerala,South,Sony Bravia 43-inch 4K LED TV,Electronics,38990.0,1,4100.0,Debit Card,Delivered
IND-2023-1672,2023-09-20,CUS-1005,Rohan Gupta,Chandigarh,Punjab,North,Noise ColorFit Pulse Smartwatch,Mobiles & Accessories,1529.15,1,177.61,Credit Card,Delivered
IND-2023-1673,2023-10-13,CUS-1023,Gaurav Bansal,Ahmedabad,Gujarat,West,Solimo Water Repellent Polyester Curtains (Set of 2),Home & Kitchen,2292.45,3,0.0,UPI,Cancelled
IND-2023-1674,2023-05-21,CUS-1001,Aarav Sharma,Pune,Maharashtra,West,Puma Unisex Smashic Sneakers,Fashion,8736.2,4,-1064.85,Credit Card,Shipped
IND-2023-1675,2023-07-12,CUS-1014,Sunita Das,Pune,Maharashtra,West,Lakme Absolute Matte Melt Liquid Lip Color,Beauty & Personal Care,525.0,1,175.0,UPI,Delivered
IND-2023-1676,2023-03-28,CUS-1020,Shweta Tiwari,Kolkata,West Bengal,East,Sony Bravia 43-inch 4K LED TV,Electronics,105273.0,3,3527.25,UPI,Delivered
IND-2023-1677,2023-05-27,CUS-1014,Sunita Das,Pune,Maharashtra,West,Redmi Note 12 Pro 5G,Mobiles & Accessories,20899.05,1,1575.04,Debit Card,Delivered
IND-2023-1678,2023-05-26,CUS-1017,Deepak Chopra,Indore,Madhya Pradesh,West,Sony Bravia 43-inch 4K LED TV,Electronics,148162.0,4,10551.5,UPI,Delivered
IND-2023-1679,2023-11-07,CUS-1013,Amit Mishra,Patna,Bihar,East,Levi's Men Slim Fit Denim Jeans,Fashion,1999.2,1,275.15,Debit Card,Delivered
IND-2023-1680,2023-12-22,CUS-1006,Sneha Mukherjee,Kolkata,West Bengal,East,Philips Air Fryer HD9200,Home & Kitchen,6499.0,1,950.0,UPI,Shipped
IND-2023-1681,2023-03-07,CUS-1002,Priya Patel,Mumbai,Maharashtra,West,Logitech Wireless Keyboard & Mouse,Electronics,5083.0,4,727.25,Credit Card,Delivered
IND-2023-1682,2023-03-20,CUS-1013,Amit Mishra,Patna,Bihar,East,Sony Bravia 43-inch 4K LED TV,Electronics,38990.0,1,4100.0,UPI,Delivered
IND-2023-1683,2023-03-31,CUS-1023,Gaurav Bansal,Chandigarh,Punjab,North,The Derma Co 10% Vitamin C Face Serum,Beauty & Personal Care,616.55,1,195.66,Net Banking,Delivered
IND-2023-1684,2023-09-16,CUS-1017,Deepak Chopra,Mumbai,Maharashtra,West,Logitech Wireless Keyboard & Mouse,Electronics,1495.0,1,350.0,UPI,Delivered
IND-2023-1685,2023-02-01,CUS-1003,Rahul Verma,Bengaluru,Karnataka,South,Noise ColorFit Pulse Smartwatch,Mobiles & Accessories,4587.45,3,532.84,Debit Card,Delivered
IND-2023-1686,2023-05-29,CUS-1017,Deepak Chopra,Pune,Maharashtra,West,HP Pavilion 15 Core i5 Laptop,Electronics,93483.0,2,-772.75,UPI,Delivered
IND-2023-1687,2023-10-20,CUS-1019,Manish Agarwal,Ahmedabad,Gujarat,West,Philips Electric Beard Trimmer Series 3000,Beauty & Personal Care,2548.3,2,382.73,Debit Card,Delivered
IND-2023-1688,2023-12-25,CUS-1009,Rajesh Kumar,Kolkata,West Bengal,East,Spigen Armor Back Cover,Mobiles & Accessories,1917.6,3,390.45,Credit Card,Delivered
IND-2023-1689,2023-05-02,CUS-1021,Arjun Reddy,Kolkata,West Bengal,East,Allen Solly Casual Cotton Shirt,Fashion,4272.15,3,971.36,UPI,Delivered
IND-2023-1690,2023-10-07,CUS-1020,Shweta Tiwari,Kolkata,West Bengal,East,Lavie Women Handbag,Fashion,1432.0,1,121.5,UPI,Delivered
IND-2023-1691,2023-03-03,CUS-1018,Divya Pillai,Jaipur,Rajasthan,North,Philips Air Fryer HD9200,Home & Kitchen,11698.2,2,925.15,UPI,Delivered
IND-2023-1692,2023-06-09,CUS-1016,Ritu Mehta,Jaipur,Rajasthan,North,Lakme Absolute Matte Melt Liquid Lip Color,Beauty & Personal Care,840.0,2,192.5,UPI,Delivered
IND-2023-1693,2023-03-28,CUS-1024,Meera Nambiar,Patna,Bihar,East,Pigeon 4-Burner Glass Top Gas Stove,Home & Kitchen,11607.3,3,1192.72,Credit Card,Delivered
IND-2023-1694,2023-05-02,CUS-1013,Amit Mishra,Hyderabad,Telangana,South,Hawkins Futura Hard Anodised Kadai,Home & Kitchen,1850.0,1,340.0,UPI,Delivered
IND-2023-1695,2023-10-22,CUS-1023,Gaurav Bansal,Jaipur,Rajasthan,North,Lakme Absolute Matte Melt Liquid Lip Color,Beauty & Personal Care,1496.25,3,465.94,UPI,Shipped
IND-2023-1696,2023-01-18,CUS-1008,Pooja Nair,Lucknow,Uttar Pradesh,North,Prestige Iris 750W Mixer Grinder,Home & Kitchen,3199.0,1,550.0,UPI,Delivered
IND-2023-1697,2023-04-25,CUS-1007,Vikram Malhotra,Chennai,Tamil Nadu,South,Biba Women Printed Anarkali Kurta,Fashion,3998.0,2,1040.0,UPI,Delivered
IND-2023-1698,2023-04-30,CUS-1012,Kavita Rao,Kochi,Kerala,South,Logitech Wireless Keyboard & Mouse,Electronics,2990.0,2,700.0,Credit Card,Delivered
IND-2023-1699,2023-05-08,CUS-1006,Sneha Mukherjee,Hyderabad,Telangana,South,boAt Airdopes 141 Bluetooth Earbuds,Mobiles & Accessories,1169.1,1,222.57,Credit Card,Delivered
IND-2023-1700,2023-03-16,CUS-1015,Karan Kapoor,Chennai,Tamil Nadu,South,Lakme Absolute Matte Melt Liquid Lip Color,Beauty & Personal Care,840.0,2,192.5,UPI,Shipped
IND-2023-1701,2023-11-20,CUS-1024,Meera Nambiar,Hyderabad,Telangana,South,Biba Women Printed Anarkali Kurta,Fashion,6396.8,4,880.6,UPI,Processing
IND-2023-1702,2023-05-24,CUS-1004,Ananya Iyer,Patna,Bihar,East,Logitech Wireless Keyboard & Mouse,Electronics,1495.0,1,350.0,Credit Card,Delivered
IND-2023-1703,2023-09-20,CUS-1006,Sneha Mukherjee,Kolkata,West Bengal,East,Biba Women Printed Anarkali Kurta,Fashion,3598.2,2,740.15,UPI,Delivered
IND-2023-1704,2023-05-25,CUS-1014,Sunita Das,Mumbai,Maharashtra,West,Philips Air Fryer HD9200,Home & Kitchen,25996.0,4,3800.0,Debit Card,Delivered
IND-2023-1705,2023-07-01,CUS-1018,Divya Pillai,Ahmedabad,Gujarat,West,Peter England Formal Trousers,Fashion,959.2,1,110.15,Cash on Delivery,Delivered
IND-2023-1706,2023-08-26,CUS-1016,Ritu Mehta,Chennai,Tamil Nadu,South,Biotique Botanical Glow Skincare Combo,Beauty & Personal Care,2808.0,4,726.0,UPI,Delivered
IND-2023-1707,2023-03-05,CUS-1023,Gaurav Bansal,Jaipur,Rajasthan,North,Pigeon 4-Burner Glass Top Gas Stove,Home & Kitchen,16336.2,4,2235.15,Debit Card,Delivered
IND-2023-1708,2023-03-24,CUS-1025,Siddharth Sen,Bengaluru,Karnataka,South,Pigeon 4-Burner Glass Top Gas Stove,Home & Kitchen,11607.3,3,1192.72,Credit Card,Delivered
IND-2023-1709,2023-12-18,CUS-1007,Vikram Malhotra,Delhi,Delhi,North,Solimo Water Repellent Polyester Curtains (Set of 2),Home & Kitchen,719.2,1,-254.85,UPI,Delivered
IND-2023-1710,2023-10-28,CUS-1021,Arjun Reddy,Bengaluru,Karnataka,South,Peter England Formal Trousers,Fashion,2398.0,2,580.0,UPI,Delivered
IND-2023-1711,2023-05-16,CUS-1023,Gaurav Bansal,Bengaluru,Karnataka,South,HP Pavilion 15 Core i5 Laptop,Electronics,156721.5,3,11213.62,Cash on Delivery,Delivered
IND-2023-1712,2023-01-05,CUS-1009,Rajesh Kumar,Indore,Madhya Pradesh,West,Noise ColorFit Pulse Smartwatch,Mobiles & Accessories,5397.0,3,-809.55,Credit Card,Returned
IND-2023-1713,2023-02-23,CUS-1009,Rajesh Kumar,Kolkata,West Bengal,East,Lakme Absolute Matte Melt Liquid Lip Color,Beauty & Personal Care,1050.0,2,350.0,Credit Card,Delivered
IND-2023-1714,2023-05-17,CUS-1002,Priya Patel,Pune,Maharashtra,West,Samsung Galaxy S23 5G,Mobiles & Accessories,259996.0,4,28800.0,UPI,Delivered
IND-2023-1715,2023-03-04,CUS-1013,Amit Mishra,Ahmedabad,Gujarat,West,Canon EOS 1500D DSLR Camera,Electronics,41990.0,1,4500.0,UPI,Delivered
IND-2023-1716,2023-05-15,CUS-1020,Shweta Tiwari,Kolkata,West Bengal,East,Levi's Men Slim Fit Denim Jeans,Fashion,2124.15,1,368.86,Cash on Delivery,Delivered
IND-2023-1717,2023-08-11,CUS-1008,Pooja Nair,Delhi,Delhi,North,Pigeon 4-Burner Glass Top Gas Stove,Home & Kitchen,4084.05,1,558.79,UPI,Processing
IND-2023-1718,2023-03-28,CUS-1021,Arjun Reddy,Chandigarh,Punjab,North,Lavie Women Handbag,Fashion,3222.0,2,511.5,UPI,Delivered
IND-2023-1719,2023-02-01,CUS-1010,Neha Singh,Hyderabad,Telangana,South,Wakefit Ergonomic Orthopedic Mattress,Home & Kitchen,24998.0,2,-2900.0,UPI,Delivered
IND-2023-1720,2023-04-02,CUS-1005,Rohan Gupta,Bengaluru,Karnataka,South,Levi's Men Slim Fit Denim Jeans,Fashion,4998.0,2,-749.7,UPI,Returned
IND-2023-1721,2023-02-06,CUS-1004,Ananya Iyer,Chandigarh,Punjab,North,Mamaearth Onion Hair Fall Control Oil 250ml,Beauty & Personal Care,1896.2,4,565.15,UPI,Delivered
IND-2023-1722,2023-10-01,CUS-1021,Arjun Reddy,Lucknow,Uttar Pradesh,North,Wakefit Ergonomic Orthopedic Mattress,Home & Kitchen,42496.6,4,-11424.55,UPI,Delivered
IND-2023-1723,2023-10-20,CUS-1004,Ananya Iyer,Kochi,Kerala,South,Spigen Armor Back Cover,Mobiles & Accessories,639.2,1,130.15,Cash on Delivery,Delivered
IND-2023-1724,2023-08-03,CUS-1013,Amit Mishra,Jaipur,Rajasthan,North,Noise ColorFit Pulse Smartwatch,Mobiles & Accessories,3058.3,2,355.23,Debit Card,Delivered
IND-2023-1725,2023-07-18,CUS-1011,Aditya Joshi,Patna,Bihar,East,Noise ColorFit Pulse Smartwatch,Mobiles & Accessories,7196.0,4,1520.0,UPI,Delivered
IND-2023-1726,2023-12-27,CUS-1025,Siddharth Sen,Delhi,Delhi,North,Wakefit Ergonomic Orthopedic Mattress,Home & Kitchen,31872.45,3,-8568.41,Credit Card,Delivered
IND-2023-1727,2023-06-20,CUS-1019,Manish Agarwal,Mumbai,Maharashtra,West,Sony Bravia 43-inch 4K LED TV,Electronics,35091.0,1,1175.75,Net Banking,Delivered
IND-2023-1728,2023-06-14,CUS-1002,Priya Patel,Chandigarh,Punjab,North,Fastrack Analog Watch for Men,Fashion,3302.25,3,492.94,UPI,Delivered
IND-2023-1729,2023-04-21,CUS-1005,Rohan Gupta,Ahmedabad,Gujarat,West,Pigeon 4-Burner Glass Top Gas Stove,Home & Kitchen,10317.6,3,225.45,UPI,Delivered
IND-2023-1730,2023-11-11,CUS-1024,Meera Nambiar,Indore,Madhya Pradesh,West,Biotique Botanical Glow Skincare Combo,Beauty & Personal Care,624.0,1,123.0,UPI,Shipped
IND-2023-1731,2023-04-30,CUS-1022,Tanvi Deshmukh,Lucknow,Uttar Pradesh,North,Lakme Absolute Matte Melt Liquid Lip Color,Beauty & Personal Care,472.5,1,135.62,Net Banking,Processing
IND-2023-1732,2023-07-07,CUS-1001,Aarav Sharma,Mumbai,Maharashtra,West,Lavie Women Handbag,Fashion,7160.0,4,1560.0,Cash on Delivery,Delivered
IND-2023-1733,2023-11-27,CUS-1014,Sunita Das,Mumbai,Maharashtra,West,Noise ColorFit Pulse Smartwatch,Mobiles & Accessories,5127.15,3,937.61,Cash on Delivery,Processing
IND-2023-1734,2023-11-17,CUS-1012,Kavita Rao,Lucknow,Uttar Pradesh,North,Logitech Wireless Keyboard & Mouse,Electronics,4485.0,3,1050.0,UPI,Delivered
IND-2023-1735,2023-08-12,CUS-1020,Shweta Tiwari,Jaipur,Rajasthan,North,Solimo Water Repellent Polyester Curtains (Set of 2),Home & Kitchen,3596.0,4,-480.0,Net Banking,Delivered
IND-2023-1736,2023-04-26,CUS-1008,Pooja Nair,Bengaluru,Karnataka,South,Puma Unisex Smashic Sneakers,Fashion,9196.0,4,-1379.4,Credit Card,Returned
IND-2023-1737,2023-07-17,CUS-1002,Priya Patel,Kochi,Kerala,South,Mamaearth Onion Hair Fall Control Oil 250ml,Beauty & Personal Care,399.2,1,85.15,UPI,Delivered
IND-2023-1738,2023-04-11,CUS-1020,Shweta Tiwari,Ahmedabad,Gujarat,West,Lavie Women Handbag,Fashion,1700.5,1,322.88,Debit Card,Delivered
IND-2023-1739,2023-03-10,CUS-1007,Vikram Malhotra,Chennai,Tamil Nadu,South,Logitech Wireless Keyboard & Mouse,Electronics,3588.0,3,377.25,UPI,Delivered
IND-2023-1740,2023-06-08,CUS-1003,Rahul Verma,Chandigarh,Punjab,North,Logitech Wireless Keyboard & Mouse,Electronics,5382.0,4,951.5,UPI,Shipped
IND-2023-1741,2023-11-16,CUS-1003,Rahul Verma,Indore,Madhya Pradesh,West,Redmi Note 12 Pro 5G,Mobiles & Accessories,20899.05,1,1575.04,Credit Card,Delivered
IND-2023-1742,2023-09-22,CUS-1010,Neha Singh,Chandigarh,Punjab,North,Mamaearth Onion Hair Fall Control Oil 250ml,Beauty & Personal Care,499.0,1,160.0,UPI,Delivered
IND-2023-1743,2023-04-21,CUS-1010,Neha Singh,Pune,Maharashtra,West,Wakefit Ergonomic Orthopedic Mattress,Home & Kitchen,11874.05,1,-1918.71,Credit Card,Delivered
IND-2023-1744,2023-08-15,CUS-1011,Aditya Joshi,Chennai,Tamil Nadu,South,Logitech Wireless Keyboard & Mouse,Electronics,1495.0,1,350.0,Cash on Delivery,Delivered
IND-2023-1745,2023-09-05,CUS-1015,Karan Kapoor,Ahmedabad,Gujarat,West,Noise ColorFit Pulse Smartwatch,Mobiles & Accessories,3598.0,2,760.0,Cash on Delivery,Processing
IND-2023-1746,2023-12-29,CUS-1017,Deepak Chopra,Bhubaneswar,Odisha,East,Spigen Armor Back Cover,Mobiles & Accessories,2277.15,3,660.11,UPI,Delivered
IND-2023-1747,2023-06-02,CUS-1002,Priya Patel,Kochi,Kerala,South,Lakme Absolute Matte Melt Liquid Lip Color,Beauty & Personal Care,945.0,2,271.25,Cash on Delivery,Delivered
IND-2023-1748,2023-03-18,CUS-1007,Vikram Malhotra,Ahmedabad,Gujarat,West,Canon EOS 1500D DSLR Camera,Electronics,167960.0,4,18000.0,Debit Card,Delivered
IND-2023-1749,2023-04-14,CUS-1013,Amit Mishra,Lucknow,Uttar Pradesh,North,Redmi Note 12 Pro 5G,Mobiles & Accessories,43998.0,2,4800.0,UPI,Delivered
IND-2023-1750,2023-02-02,CUS-1021,Arjun Reddy,Delhi,Delhi,North,The Derma Co 10% Vitamin C Face Serum,Beauty & Personal Care,1557.6,3,367.95,Cash on Delivery,Delivered
IND-2023-1751,2023-10-24,CUS-1012,Kavita Rao,Indore,Madhya Pradesh,West,Wakefit Ergonomic Orthopedic Mattress,Home & Kitchen,37497.0,3,-4350.0,Credit Card,Delivered
IND-2023-1752,2023-05-03,CUS-1012,Kavita Rao,Jaipur,Rajasthan,North,The Derma Co 10% Vitamin C Face Serum,Beauty & Personal Care,1298.0,2,440.0,UPI,Processing
IND-2023-1753,2023-08-25,CUS-1003,Rahul Verma,Kolkata,West Bengal,East,Levi's Men Slim Fit Denim Jeans,Fashion,2124.15,1,368.86,UPI,Shipped
IND-2023-1754,2023-07-25,CUS-1021,Arjun Reddy,Chandigarh,Punjab,North,JBL Flip 6 Portable Bluetooth Speaker,Electronics,17098.1,2,1725.07,Cash on Delivery,Delivered
IND-2023-1755,2023-03-22,CUS-1017,Deepak Chopra,Ahmedabad,Gujarat,West,Redmi Note 12 Pro 5G,Mobiles & Accessories,65997.0,3,7200.0,UPI,Delivered
IND-2023-1756,2023-10-08,CUS-1011,Aditya Joshi,Chandigarh,Punjab,North,Mamaearth Onion Hair Fall Control Oil 250ml,Beauty & Personal Care,1896.2,4,565.15,Credit Card,Delivered
IND-2023-1757,2023-12-08,CUS-1015,Karan Kapoor,Delhi,Delhi,North,Canon EOS 1500D DSLR Camera,Electronics,39890.5,1,2925.38,Credit Card,Processing
IND-2023-1758,2023-11-07,CUS-1002,Priya Patel,Pune,Maharashtra,West,Canon EOS 1500D DSLR Camera,Electronics,119671.5,3,8776.12,Net Banking,Delivered
IND-2023-1759,2023-03-19,CUS-1018,Divya Pillai,Patna,Bihar,East,HP Pavilion 15 Core i5 Laptop,Electronics,104481.0,2,7475.75,Cash on Delivery,Delivered
IND-2023-1760,2023-11-13,CUS-1014,Sunita Das,Chennai,Tamil Nadu,South,Puma Unisex Smashic Sneakers,Fashion,4598.0,2,-360.0,UPI,Delivered
IND-2023-1761,2023-08-01,CUS-1025,Siddharth Sen,Kolkata,West Bengal,East,Spigen Armor Back Cover,Mobiles & Accessories,1438.2,2,380.15,UPI,Delivered
IND-2023-1762,2023-03-09,CUS-1004,Ananya Iyer,Bengaluru,Karnataka,South,Fastrack Analog Watch for Men,Fashion,3690.75,3,784.31,UPI,Delivered
IND-2023-1763,2023-12-20,CUS-1002,Priya Patel,Chandigarh,Punjab,North,Mi 10000mAh Power Bank 3i,Mobiles & Accessories,3597.0,3,0.0,UPI,Cancelled
IND-2023-1764,2023-03-17,CUS-1007,Vikram Malhotra,Lucknow,Uttar Pradesh,North,Biotique Botanical Glow Skincare Combo,Beauty & Personal Care,2496.0,4,492.0,Cash on Delivery,Delivered
IND-2023-1765,2023-08-02,CUS-1017,Deepak Chopra,Pune,Maharashtra,West,Redmi Note 12 Pro 5G,Mobiles & Accessories,83596.2,4,6300.15,UPI,Delivered
IND-2023-1766,2023-04-18,CUS-1024,Meera Nambiar,Jaipur,Rajasthan,North,Prestige Iris 750W Mixer Grinder,Home & Kitchen,10236.8,4,280.6,Debit Card,Delivered
IND-2023-1767,2023-01-01,CUS-1023,Gaurav Bansal,Ahmedabad,Gujarat,West,Pigeon 4-Burner Glass Top Gas Stove,Home & Kitchen,7738.2,2,795.15,UPI,Delivered
IND-2023-1768,2023-05-21,CUS-1010,Neha Singh,Kolkata,West Bengal,East,Lakme Absolute Matte Melt Liquid Lip Color,Beauty & Personal Care,1575.0,3,525.0,Debit Card,Delivered
IND-2023-1769,2023-06-13,CUS-1017,Deepak Chopra,Lucknow,Uttar Pradesh,North,Peter England Formal Trousers,Fashion,3057.45,3,465.34,UPI,Delivered
IND-2023-1770,2023-04-29,CUS-1002,Priya Patel,Delhi,Delhi,North,Noise ColorFit Pulse Smartwatch,Mobiles & Accessories,5397.0,3,1140.0,Debit Card,Delivered
IND-2023-1771,2023-03-04,CUS-1005,Rohan Gupta,Lucknow,Uttar Pradesh,North,Mamaearth Onion Hair Fall Control Oil 250ml,Beauty & Personal Care,848.3,2,207.73,Credit Card,Delivered
IND-2023-1772,2023-10-23,CUS-1016,Ritu Mehta,Kochi,Kerala,South,Levi's Men Slim Fit Denim Jeans,Fashion,7497.0,3,1950.0,Credit Card,Delivered
IND-2023-1773,2023-12-01,CUS-1003,Rahul Verma,Patna,Bihar,East,Canon EOS 1500D DSLR Camera,Electronics,35691.5,1,0.0,Cash on Delivery,Cancelled
IND-2023-1774,2023-11-01,CUS-1005,Rohan Gupta,Mumbai,Maharashtra,West,Peter England Formal Trousers,Fashion,1918.4,2,220.3,Debit Card,Delivered
IND-2023-1775,2023-12-05,CUS-1002,Priya Patel,Pune,Maharashtra,West,Solimo Water Repellent Polyester Curtains (Set of 2),Home & Kitchen,1798.0,2,-269.7,Cash on Delivery,Returned
IND-2023-1776,2023-12-18,CUS-1006,Sneha Mukherjee,Mumbai,Maharashtra,West,HP Pavilion 15 Core i5 Laptop,Electronics,87984.0,2,0.0,Cash on Delivery,Cancelled
IND-2023-1777,2023-05-04,CUS-1015,Karan Kapoor,Bengaluru,Karnataka,South,Mamaearth Onion Hair Fall Control Oil 250ml,Beauty & Personal Care,948.1,2,282.57,Net Banking,Delivered
IND-2023-1778,2023-02-10,CUS-1008,Pooja Nair,Kochi,Kerala,South,Pigeon 4-Burner Glass Top Gas Stove,Home & Kitchen,4299.0,1,720.0,UPI,Shipped
IND-2023-1779,2023-05-02,CUS-1020,Shweta Tiwari,Chandigarh,Punjab,North,Pigeon 4-Burner Glass Top Gas Stove,Home & Kitchen,14616.6,4,945.45,UPI,Delivered
IND-2023-1780,2023-11-12,CUS-1018,Divya Pillai,Patna,Bihar,East,Mamaearth Onion Hair Fall Control Oil 250ml,Beauty & Personal Care,399.2,1,85.15,Cash on Delivery,Delivered
IND-2023-1781,2023-11-04,CUS-1016,Ritu Mehta,Kolkata,West Bengal,East,Canon EOS 1500D DSLR Camera,Electronics,167960.0,4,0.0,UPI,Cancelled
IND-2023-1782,2023-04-01,CUS-1013,Amit Mishra,Jaipur,Rajasthan,North,Sony Bravia 43-inch 4K LED TV,Electronics,77980.0,2,8200.0,UPI,Processing
IND-2023-1783,2023-01-09,CUS-1015,Karan Kapoor,Chandigarh,Punjab,North,Philips Electric Beard Trimmer Series 3000,Beauty & Personal Care,2698.2,2,495.15,UPI,Delivered
IND-2023-1784,2023-01-29,CUS-1024,Meera Nambiar,Delhi,Delhi,North,Lakme Absolute Matte Melt Liquid Lip Color,Beauty & Personal Care,997.5,2,310.62,Credit Card,Processing
IND-2023-1785,2023-05-02,CUS-1014,Sunita Das,Jaipur,Rajasthan,North,JBL Flip 6 Portable Bluetooth Speaker,Electronics,15298.3,2,375.23,UPI,Delivered
IND-2023-1786,2023-09-08,CUS-1014,Sunita Das,Kochi,Kerala,South,Redmi Note 12 Pro 5G,Mobiles & Accessories,43998.0,2,4800.0,Net Banking,Delivered
IND-2023-1787,2023-04-26,CUS-1003,Rahul Verma,Patna,Bihar,East,Lavie Women Handbag,Fashion,4564.5,3,565.88,Credit Card,Delivered
IND-2023-1788,2023-11-10,CUS-1025,Siddharth Sen,Pune,Maharashtra,West,Mi 10000mAh Power Bank 3i,Mobiles & Accessories,1918.4,2,160.3,UPI,Processing
IND-2023-1789,2023-08-14,CUS-1015,Karan Kapoor,Jaipur,Rajasthan,North,Lakme Absolute Matte Melt Liquid Lip Color,Beauty & Personal Care,525.0,1,175.0,Debit Card,Delivered
IND-2023-1790,2023-12-11,CUS-1020,Shweta Tiwari,Kochi,Kerala,South,Noise ColorFit Pulse Smartwatch,Mobiles & Accessories,5397.0,3,1140.0,UPI,Delivered
IND-2023-1791,2023-12-31,CUS-1005,Rohan Gupta,Delhi,Delhi,North,Spigen Armor Back Cover,Mobiles & Accessories,639.2,1,130.15,Debit Card,Delivered
IND-2023-1792,2023-09-12,CUS-1008,Pooja Nair,Mumbai,Maharashtra,West,Fastrack Analog Watch for Men,Fashion,3885.0,3,930.0,Credit Card,Shipped
IND-2023-1793,2023-07-15,CUS-1002,Priya Patel,Kolkata,West Bengal,East,Biotique Botanical Glow Skincare Combo,Beauty & Personal Care,2340.0,3,720.0,Debit Card,Delivered
IND-2023-1794,2023-04-09,CUS-1025,Siddharth Sen,Ahmedabad,Gujarat,West,Samsung Galaxy S23 5G,Mobiles & Accessories,165747.45,3,-337.16,UPI,Delivered
IND-2023-1795,2023-09-13,CUS-1007,Vikram Malhotra,Kochi,Kerala,South,Canon EOS 1500D DSLR Camera,Electronics,142766.0,4,-895.5,Debit Card,Delivered
IND-2023-1796,2023-02-03,CUS-1013,Amit Mishra,Chennai,Tamil Nadu,South,Fastrack Analog Watch for Men,Fashion,2072.0,2,-310.8,Debit Card,Returned
IND-2023-1797,2023-04-27,CUS-1012,Kavita Rao,Indore,Madhya Pradesh,West,Puma Unisex Smashic Sneakers,Fashion,6897.0,3,-540.0,Credit Card,Delivered
IND-2023-1798,2023-05-12,CUS-1025,Siddharth Sen,Bhubaneswar,Odisha,East,Allen Solly Casual Cotton Shirt,Fashion,1499.0,1,380.0,UPI,Delivered
IND-2023-1799,2023-09-30,CUS-1021,Arjun Reddy,Hyderabad,Telangana,South,Sony Bravia 43-inch 4K LED TV,Electronics,124768.0,4,-6994.0,UPI,Processing
IND-2023-1800,2023-02-07,CUS-1011,Aditya Joshi,Chandigarh,Punjab,North,Puma Unisex Smashic Sneakers,Fashion,4598.0,2,-360.0,Credit Card,Shipped
IND-2023-1801,2023-06-18,CUS-1016,Ritu Mehta,Kolkata,West Bengal,East,OnePlus 11R 5G (128GB),Mobiles & Accessories,31999.2,1,0.0,UPI,Cancelled
IND-2023-1802,2023-07-21,CUS-1019,Manish Agarwal,Chennai,Tamil Nadu,South,Biotique Botanical Glow Skincare Combo,Beauty & Personal Care,741.0,1,210.75,UPI,Delivered
IND-2023-1803,2023-01-03,CUS-1004,Ananya Iyer,Chennai,Tamil Nadu,South,Biotique Botanical Glow Skincare Combo,Beauty & Personal Care,1248.0,2,246.0,UPI,Delivered
IND-2023-1804,2023-10-14,CUS-1008,Pooja Nair,Indore,Madhya Pradesh,West,Hawkins Futura Hard Anodised Kadai,Home & Kitchen,6660.0,4,805.0,UPI,Processing
IND-2023-1805,2023-09-10,CUS-1007,Vikram Malhotra,Pune,Maharashtra,West,HP Pavilion 15 Core i5 Laptop,Electronics,164970.0,3,17400.0,Cash on Delivery,Delivered
IND-2023-1806,2023-07-29,CUS-1018,Divya Pillai,Indore,Madhya Pradesh,West,Lavie Women Handbag,Fashion,3401.0,2,645.75,Debit Card,Delivered
IND-2023-1807,2023-02-15,CUS-1019,Manish Agarwal,Lucknow,Uttar Pradesh,North,OnePlus 11R 5G (128GB),Mobiles & Accessories,39999.0,1,-5999.85,Cash on Delivery,Returned
IND-2023-1808,2023-09-22,CUS-1022,Tanvi Deshmukh,Mumbai,Maharashtra,West,Lakme Absolute Matte Melt Liquid Lip Color,Beauty & Personal Care,945.0,2,271.25,UPI,Delivered
IND-2023-1809,2023-01-02,CUS-1005,Rohan Gupta,Kochi,Kerala,South,HP Pavilion 15 Core i5 Laptop,Electronics,87984.0,2,-4897.0,Debit Card,Delivered
IND-2023-1810,2023-05-14,CUS-1001,Aarav Sharma,Ahmedabad,Gujarat,West,Mi 10000mAh Power Bank 3i,Mobiles & Accessories,1019.15,1,-152.87,Cash on Delivery,Returned
IND-2023-1811,2023-07-10,CUS-1017,Deepak Chopra,Hyderabad,Telangana,South,Sony Bravia 43-inch 4K LED TV,Electronics,116970.0,3,12300.0,Cash on Delivery,Delivered
IND-2023-1812,2023-05-13,CUS-1009,Rajesh Kumar,Chennai,Tamil Nadu,South,Lavie Women Handbag,Fashion,3043.0,2,377.25,Cash on Delivery,Delivered
IND-2023-1813,2023-06-05,CUS-1012,Kavita Rao,Ahmedabad,Gujarat,West,Puma Unisex Smashic Sneakers,Fashion,4598.0,2,-360.0,Credit Card,Delivered
IND-2023-1814,2023-01-31,CUS-1024,Meera Nambiar,Bhubaneswar,Odisha,East,Samsung Galaxy S23 5G,Mobiles & Accessories,165747.45,3,-337.16,Credit Card,Delivered
IND-2023-1815,2023-01-26,CUS-1024,Meera Nambiar,Pune,Maharashtra,West,Samsung Galaxy S23 5G,Mobiles & Accessories,194997.0,3,21600.0,Credit Card,Delivered
IND-2023-1816,2023-11-02,CUS-1024,Meera Nambiar,Kolkata,West Bengal,East,Noise ColorFit Pulse Smartwatch,Mobiles & Accessories,5127.15,3,937.61,Net Banking,Delivered
IND-2023-1817,2023-05-12,CUS-1005,Rohan Gupta,Jaipur,Rajasthan,North,Lakme Absolute Matte Melt Liquid Lip Color,Beauty & Personal Care,1680.0,4,385.0,UPI,Processing
IND-2023-1818,2023-04-14,CUS-1020,Shweta Tiwari,Mumbai,Maharashtra,West,The Derma Co 10% Vitamin C Face Serum,Beauty & Personal Care,1233.1,2,391.32,UPI,Shipped
IND-2023-1819,2023-09-30,CUS-1001,Aarav Sharma,Jaipur,Rajasthan,North,Biotique Botanical Glow Skincare Combo,Beauty & Personal Care,1872.0,3,369.0,UPI,Delivered
IND-2023-1820,2023-12-05,CUS-1023,Gaurav Bansal,Chandigarh,Punjab,North,boAt Airdopes 141 Bluetooth Earbuds,Mobiles & Accessories,4156.8,4,-623.52,Credit Card,Returned
IND-2023-1821,2023-07-06,CUS-1018,Divya Pillai,Pune,Maharashtra,West,Sony Bravia 43-inch 4K LED TV,Electronics,33141.5,1,-286.38,Debit Card,Delivered
IND-2023-1822,2023-01-24,CUS-1023,Gaurav Bansal,Mumbai,Maharashtra,West,The Derma Co 10% Vitamin C Face Serum,Beauty & Personal Care,2336.4,4,0.0,Cash on Delivery,Cancelled
IND-2023-1823,2023-09-07,CUS-1013,Amit Mishra,Kochi,Kerala,South,Noise ColorFit Pulse Smartwatch,Mobiles & Accessories,5756.8,4,-863.52,Credit Card,Returned
IND-2023-1824,2023-10-11,CUS-1011,Aditya Joshi,Chandigarh,Punjab,North,Prestige Iris 750W Mixer Grinder,Home & Kitchen,11516.4,4,1240.3,UPI,Processing
IND-2023-1825,2023-03-07,CUS-1022,Tanvi Deshmukh,Kochi,Kerala,South,Lavie Women Handbag,Fashion,6086.0,4,754.5,UPI,Processing
IND-2023-1826,2023-10-22,CUS-1011,Aditya Joshi,Lucknow,Uttar Pradesh,North,HP Pavilion 15 Core i5 Laptop,Electronics,49491.0,1,1675.75,UPI,Delivered
IND-2023-1827,2023-03-20,CUS-1013,Amit Mishra,Patna,Bihar,East,Wakefit Ergonomic Orthopedic Mattress,Home & Kitchen,49996.0,4,-5800.0,Cash on Delivery,Processing
IND-2023-1828,2023-03-27,CUS-1005,Rohan Gupta,Chennai,Tamil Nadu,South,Biotique Botanical Glow Skincare Combo,Beauty & Personal Care,1404.0,2,363.0,Debit Card,Delivered
IND-2023-1829,2023-11-13,CUS-1019,Manish Agarwal,Kolkata,West Bengal,East,Mi 10000mAh Power Bank 3i,Mobiles & Accessories,2038.3,2,250.23,UPI,Delivered
IND-2023-1830,2023-03-26,CUS-1003,Rahul Verma,Bengaluru,Karnataka,South,Noise ColorFit Pulse Smartwatch,Mobiles & Accessories,1439.2,1,110.15,UPI,Shipped
IND-2023-1831,2023-02-02,CUS-1011,Aditya Joshi,Chandigarh,Punjab,North,Allen Solly Casual Cotton Shirt,Fashion,5996.0,4,1520.0,UPI,Delivered
IND-2023-1832,2023-04-01,CUS-1021,Arjun Reddy,Bengaluru,Karnataka,South,Lavie Women Handbag,Fashion,5101.5,3,968.62,Net Banking,Processing
IND-2023-1833,2023-07-07,CUS-1019,Manish Agarwal,Ahmedabad,Gujarat,West,Fastrack Analog Watch for Men,Fashion,3496.5,3,638.62,Cash on Delivery,Delivered
IND-2023-1834,2023-11-26,CUS-1011,Aditya Joshi,Jaipur,Rajasthan,North,Puma Unisex Smashic Sneakers,Fashion,2299.0,1,0.0,UPI,Cancelled
IND-2023-1835,2023-04-02,CUS-1008,Pooja Nair,Indore,Madhya Pradesh,West,JBL Flip 6 Portable Bluetooth Speaker,Electronics,26997.0,3,3600.0,UPI,Delivered
IND-2023-1836,2023-12-27,CUS-1012,Kavita Rao,Mumbai,Maharashtra,West,Mi 10000mAh Power Bank 3i,Mobiles & Accessories,2877.6,3,240.45,Credit Card,Shipped
IND-2023-1837,2023-09-20,CUS-1017,Deepak Chopra,Indore,Madhya Pradesh,West,Logitech Wireless Keyboard & Mouse,Electronics,2840.5,2,587.88,Debit Card,Shipped
IND-2023-1838,2023-04-28,CUS-1023,Gaurav Bansal,Kolkata,West Bengal,East,Spigen Armor Back Cover,Mobiles & Accessories,1917.6,3,390.45,Credit Card,Processing
IND-2023-1839,2023-01-14,CUS-1022,Tanvi Deshmukh,Bengaluru,Karnataka,South,Noise ColorFit Pulse Smartwatch,Mobiles & Accessories,1439.2,1,110.15,Credit Card,Delivered
IND-2023-1840,2023-11-19,CUS-1017,Deepak Chopra,Chennai,Tamil Nadu,South,Logitech Wireless Keyboard & Mouse,Electronics,2990.0,2,700.0,Cash on Delivery,Delivered
IND-2023-1841,2023-10-24,CUS-1015,Karan Kapoor,Delhi,Delhi,North,Samsung Galaxy S23 5G,Mobiles & Accessories,175497.3,3,6975.22,Debit Card,Delivered
IND-2023-1842,2023-12-13,CUS-1025,Siddharth Sen,Lucknow,Uttar Pradesh,North,Milton Thermosteel Bottle 1000ml,Home & Kitchen,2409.75,3,311.06,Cash on Delivery,Delivered
IND-2023-1843,2023-09-22,CUS-1001,Aarav Sharma,Hyderabad,Telangana,South,Redmi Note 12 Pro 5G,Mobiles & Accessories,43998.0,2,4800.0,Credit Card,Delivered
IND-2023-1844,2023-08-09,CUS-1004,Ananya Iyer,Bhubaneswar,Odisha,East,Allen Solly Casual Cotton Shirt,Fashion,5396.4,4,1070.3,UPI,Delivered
IND-2023-1845,2023-08-22,CUS-1008,Pooja Nair,Indore,Madhya Pradesh,West,Philips Electric Beard Trimmer Series 3000,Beauty & Personal Care,2848.1,2,607.58,Net Banking,Delivered
IND-2023-1846,2023-07-16,CUS-1001,Aarav Sharma,Chennai,Tamil Nadu,South,HP Pavilion 15 Core i5 Laptop,Electronics,93483.0,2,-772.75,Cash on Delivery,Delivered
IND-2023-1847,2023-07-28,CUS-1011,Aditya Joshi,Lucknow,Uttar Pradesh,North,Canon EOS 1500D DSLR Camera,Electronics,71383.0,2,-447.75,UPI,Delivered
IND-2023-1848,2023-04-22,CUS-1019,Manish Agarwal,Patna,Bihar,East,Samsung Galaxy S23 5G,Mobiles & Accessories,175497.3,3,6975.22,Credit Card,Delivered
IND-2023-1849,2023-08-30,CUS-1009,Rajesh Kumar,Patna,Bihar,East,Lavie Women Handbag,Fashion,1521.5,1,188.62,Credit Card,Delivered
IND-2023-1850,2023-02-06,CUS-1006,Sneha Mukherjee,Bengaluru,Karnataka,South,Logitech Wireless Keyboard & Mouse,Electronics,1196.0,1,125.75,UPI,Processing
IND-2023-1016,2023-11-25,CUS-1011,Aditya Joshi,Pune,Maharashtra,West,Spigen Armor Back Cover,Mobiles & Accessories,1358.3,2,0.0,Credit Card,Cancelled
IND-2023-1017,2023-08-31,CUS-1005,Rohan Gupta,Kochi,Kerala,South,Wakefit Ergonomic Orthopedic Mattress,Home & Kitchen,10624.15,1,-2856.14,Net Banking,Delivered
IND-2023-1018,2023-12-07,CUS-1016,Ritu Mehta,Hyderabad,Telangana,South,JBL Flip 6 Portable Bluetooth Speaker,Electronics,8099.1,1,525.07,Credit Card,Delivered
IND-2023-1019,2023-10-07,CUS-1004,Ananya Iyer,Bhubaneswar,Odisha,East,Milton Thermosteel Bottle 1000ml,Home & Kitchen,3213.0,4,414.75,UPI,Delivered
